date;product_id;product_name;quantity_sold
2024-11-15;1001;Burçak;3
2024-11-17;1001;Burçak;2
2024-11-22;1001;Burçak;5
2024-11-26;1001;Burçak;2
2024-12-01;1001;Burçak;4
2024-12-08;1001;Burçak;1
2024-12-13;1001;Burçak;1
2024-12-13;1001;Burçak;4
2024-12-15;1001;Burçak;2
2024-12-17;1001;Burçak;2
2024-12-24;1001;Burçak;3
2024-12-27;1001;Burçak;2
2025-01-03;1001;Burçak;2
2025-01-04;1001;Burçak;2
2025-01-05;1001;Burçak;3
2025-01-11;1001;Burçak;0
2025-01-22;1001;Burçak;3
2025-01-26;1001;Burçak;5
2025-01-29;1001;Burçak;5
2025-02-05;1001;Burçak;1
2025-02-17;1001;Burçak;3
2025-03-07;1001;Burçak;3
2025-03-12;1001;Burçak;5
2025-03-15;1001;Burçak;2
2025-03-16;1001;Burçak;3
2025-03-27;1001;Burçak;3
2025-03-28;1001;Burçak;6
2025-03-31;1001;Burçak;3
2025-04-03;1001;Burçak;4
2025-04-08;1001;Burçak;3
2025-04-09;1001;Burçak;2
2025-04-12;1001;Burçak;4
2025-04-15;1001;Burçak;0
2025-04-20;1001;Burçak;0
2025-04-25;1001;Burçak;3
2025-04-26;1001;Burçak;2
2025-04-29;1001;Burçak;0
2025-05-01;1001;Burçak;1
2025-05-08;1001;Burçak;3
2025-05-10;1001;Burçak;3
2025-05-12;1001;Burçak;1
2024-11-15;1002;Çikolatalı Gofret;1
2024-11-21;1002;Çikolatalı Gofret;5
2024-11-22;1002;Çikolatalı Gofret;3
2024-12-01;1002;Çikolatalı Gofret;4
2024-12-09;1002;Çikolatalı Gofret;4
2024-12-22;1002;Çikolatalı Gofret;4
2024-12-23;1002;Çikolatalı Gofret;2
2024-12-23;1002;Çikolatalı Gofret;1
2024-12-26;1002;Çikolatalı Gofret;3
2024-12-28;1002;Çikolatalı Gofret;3
2025-01-04;1002;Çikolatalı Gofret;3
2025-01-05;1002;Çikolatalı Gofret;3
2025-01-07;1002;Çikolatalı Gofret;2
2025-01-09;1002;Çikolatalı Gofret;2
2025-01-19;1002;Çikolatalı Gofret;0
2025-01-29;1002;Çikolatalı Gofret;1
2025-01-31;1002;Çikolatalı Gofret;1
2025-02-09;1002;Çikolatalı Gofret;3
2025-02-12;1002;Çikolatalı Gofret;4
2025-02-12;1002;Çikolatalı Gofret;1
2025-02-13;1002;Çikolatalı Gofret;4
2025-02-17;1002;Çikolatalı Gofret;5
2025-02-20;1002;Çikolatalı Gofret;2
2025-02-21;1002;Çikolatalı Gofret;3
2025-02-24;1002;Çikolatalı Gofret;5
2025-02-26;1002;Çikolatalı Gofret;7
2025-02-26;1002;Çikolatalı Gofret;4
2025-02-27;1002;Çikolatalı Gofret;5
2025-02-28;1002;Çikolatalı Gofret;2
2025-03-03;1002;Çikolatalı Gofret;3
2025-03-08;1002;Çikolatalı Gofret;3
2025-03-09;1002;Çikolatalı Gofret;2
2025-03-13;1002;Çikolatalı Gofret;1
2025-03-18;1002;Çikolatalı Gofret;2
2025-03-20;1002;Çikolatalı Gofret;6
2025-03-22;1002;Çikolatalı Gofret;4
2025-03-26;1002;Çikolatalı Gofret;4
2025-04-04;1002;Çikolatalı Gofret;1
2025-04-05;1002;Çikolatalı Gofret;1
2025-04-06;1002;Çikolatalı Gofret;3
2025-04-19;1002;Çikolatalı Gofret;1
2025-04-30;1002;Çikolatalı Gofret;2
2025-05-05;1002;Çikolatalı Gofret;1
2025-05-11;1002;Çikolatalı Gofret;5
2024-11-16;1003;Coca-Cola 1L;1
2024-11-18;1003;Coca-Cola 1L;0
2024-11-20;1003;Coca-Cola 1L;5
2024-11-21;1003;Coca-Cola 1L;4
2024-11-22;1003;Coca-Cola 1L;3
2024-11-30;1003;Coca-Cola 1L;4
2024-12-03;1003;Coca-Cola 1L;1
2024-12-03;1003;Coca-Cola 1L;3
2024-12-09;1003;Coca-Cola 1L;3
2024-12-15;1003;Coca-Cola 1L;2
2024-12-19;1003;Coca-Cola 1L;4
2024-12-23;1003;Coca-Cola 1L;1
2025-01-02;1003;Coca-Cola 1L;1
2025-01-06;1003;Coca-Cola 1L;2
2025-01-20;1003;Coca-Cola 1L;3
2025-01-25;1003;Coca-Cola 1L;1
2025-01-26;1003;Coca-Cola 1L;4
2025-01-30;1003;Coca-Cola 1L;2
2025-01-31;1003;Coca-Cola 1L;3
2025-02-02;1003;Coca-Cola 1L;4
2025-02-08;1003;Coca-Cola 1L;3
2025-02-12;1003;Coca-Cola 1L;0
2025-02-28;1003;Coca-Cola 1L;1
2025-03-04;1003;Coca-Cola 1L;4
2025-03-13;1003;Coca-Cola 1L;3
2025-03-15;1003;Coca-Cola 1L;3
2025-03-16;1003;Coca-Cola 1L;3
2025-03-18;1003;Coca-Cola 1L;2
2025-03-21;1003;Coca-Cola 1L;3
2025-03-21;1003;Coca-Cola 1L;5
2025-03-24;1003;Coca-Cola 1L;1
2025-04-04;1003;Coca-Cola 1L;4
2025-04-08;1003;Coca-Cola 1L;1
2025-04-15;1003;Coca-Cola 1L;1
2025-04-18;1003;Coca-Cola 1L;1
2025-04-19;1003;Coca-Cola 1L;3
2025-04-20;1003;Coca-Cola 1L;2
2025-04-24;1003;Coca-Cola 1L;2
2025-04-26;1003;Coca-Cola 1L;8
2025-04-28;1003;Coca-Cola 1L;0
2025-05-11;1003;Coca-Cola 1L;3
2025-05-12;1003;Coca-Cola 1L;3
2024-11-14;1004;Pepsi Max 1L;2
2024-11-16;1004;Pepsi Max 1L;2
2024-11-21;1004;Pepsi Max 1L;4
2024-11-26;1004;Pepsi Max 1L;2
2024-12-11;1004;Pepsi Max 1L;2
2024-12-11;1004;Pepsi Max 1L;5
2024-12-13;1004;Pepsi Max 1L;0
2024-12-14;1004;Pepsi Max 1L;3
2024-12-18;1004;Pepsi Max 1L;2
2024-12-20;1004;Pepsi Max 1L;3
2024-12-26;1004;Pepsi Max 1L;2
2024-12-27;1004;Pepsi Max 1L;1
2025-01-02;1004;Pepsi Max 1L;2
2025-01-04;1004;Pepsi Max 1L;4
2025-01-08;1004;Pepsi Max 1L;3
2025-01-08;1004;Pepsi Max 1L;2
2025-01-11;1004;Pepsi Max 1L;3
2025-01-12;1004;Pepsi Max 1L;4
2025-01-21;1004;Pepsi Max 1L;7
2025-01-21;1004;Pepsi Max 1L;4
2025-01-23;1004;Pepsi Max 1L;5
2025-01-29;1004;Pepsi Max 1L;2
2025-02-01;1004;Pepsi Max 1L;2
2025-02-02;1004;Pepsi Max 1L;0
2025-02-04;1004;Pepsi Max 1L;1
2025-02-06;1004;Pepsi Max 1L;3
2025-02-11;1004;Pepsi Max 1L;4
2025-02-14;1004;Pepsi Max 1L;1
2025-02-18;1004;Pepsi Max 1L;3
2025-02-20;1004;Pepsi Max 1L;6
2025-02-20;1004;Pepsi Max 1L;4
2025-02-26;1004;Pepsi Max 1L;5
2025-02-27;1004;Pepsi Max 1L;5
2025-02-27;1004;Pepsi Max 1L;4
2025-03-01;1004;Pepsi Max 1L;3
2025-03-04;1004;Pepsi Max 1L;1
2025-03-09;1004;Pepsi Max 1L;3
2025-03-13;1004;Pepsi Max 1L;3
2025-03-15;1004;Pepsi Max 1L;3
2025-03-16;1004;Pepsi Max 1L;2
2025-03-25;1004;Pepsi Max 1L;1
2025-03-26;1004;Pepsi Max 1L;4
2025-04-05;1004;Pepsi Max 1L;2
2025-04-08;1004;Pepsi Max 1L;4
2025-04-09;1004;Pepsi Max 1L;1
2025-04-14;1004;Pepsi Max 1L;4
2025-04-14;1004;Pepsi Max 1L;3
2025-04-16;1004;Pepsi Max 1L;5
2025-04-16;1004;Pepsi Max 1L;1
2025-04-17;1004;Pepsi Max 1L;3
2025-04-23;1004;Pepsi Max 1L;1
2025-04-24;1004;Pepsi Max 1L;3
2025-04-25;1004;Pepsi Max 1L;1
2025-04-25;1004;Pepsi Max 1L;6
2025-04-26;1004;Pepsi Max 1L;6
2025-04-30;1004;Pepsi Max 1L;4
2025-05-05;1004;Pepsi Max 1L;2
2024-11-19;1005;Saka Su 0.5L;3
2024-11-27;1005;Saka Su 0.5L;3
2024-11-29;1005;Saka Su 0.5L;0
2024-12-03;1005;Saka Su 0.5L;2
2024-12-05;1005;Saka Su 0.5L;3
2024-12-10;1005;Saka Su 0.5L;4
2024-12-14;1005;Saka Su 0.5L;1
2024-12-15;1005;Saka Su 0.5L;3
2024-12-15;1005;Saka Su 0.5L;3
2024-12-16;1005;Saka Su 0.5L;1
2024-12-22;1005;Saka Su 0.5L;3
2024-12-24;1005;Saka Su 0.5L;3
2024-12-25;1005;Saka Su 0.5L;5
2024-12-28;1005;Saka Su 0.5L;6
2024-12-28;1005;Saka Su 0.5L;6
2025-01-05;1005;Saka Su 0.5L;7
2025-01-07;1005;Saka Su 0.5L;1
2025-01-08;1005;Saka Su 0.5L;3
2025-01-10;1005;Saka Su 0.5L;7
2025-01-11;1005;Saka Su 0.5L;3
2025-01-13;1005;Saka Su 0.5L;8
2025-01-15;1005;Saka Su 0.5L;4
2025-01-17;1005;Saka Su 0.5L;6
2025-01-20;1005;Saka Su 0.5L;1
2025-01-21;1005;Saka Su 0.5L;4
2025-01-26;1005;Saka Su 0.5L;2
2025-02-03;1005;Saka Su 0.5L;2
2025-03-06;1005;Saka Su 0.5L;4
2025-03-06;1005;Saka Su 0.5L;4
2025-03-13;1005;Saka Su 0.5L;2
2025-03-13;1005;Saka Su 0.5L;1
2025-03-18;1005;Saka Su 0.5L;4
2025-03-20;1005;Saka Su 0.5L;2
2025-03-23;1005;Saka Su 0.5L;0
2025-03-25;1005;Saka Su 0.5L;3
2025-03-30;1005;Saka Su 0.5L;3
2025-03-31;1005;Saka Su 0.5L;1
2025-04-03;1005;Saka Su 0.5L;1
2025-04-05;1005;Saka Su 0.5L;2
2025-04-15;1005;Saka Su 0.5L;6
2025-04-17;1005;Saka Su 0.5L;1
2025-04-25;1005;Saka Su 0.5L;4
2024-11-25;1006;Ice Tea 500ml;2
2024-11-28;1006;Ice Tea 500ml;2
2024-12-02;1006;Ice Tea 500ml;3
2024-12-15;1006;Ice Tea 500ml;5
2024-12-25;1006;Ice Tea 500ml;4
2024-12-26;1006;Ice Tea 500ml;2
2025-01-02;1006;Ice Tea 500ml;3
2025-01-04;1006;Ice Tea 500ml;1
2025-01-19;1006;Ice Tea 500ml;1
2025-01-24;1006;Ice Tea 500ml;4
2025-01-29;1006;Ice Tea 500ml;4
2025-02-01;1006;Ice Tea 500ml;2
2025-02-08;1006;Ice Tea 500ml;3
2025-02-13;1006;Ice Tea 500ml;3
2025-02-13;1006;Ice Tea 500ml;3
2025-02-24;1006;Ice Tea 500ml;3
2025-02-28;1006;Ice Tea 500ml;6
2025-03-02;1006;Ice Tea 500ml;1
2025-03-05;1006;Ice Tea 500ml;4
2025-03-06;1006;Ice Tea 500ml;4
2025-03-07;1006;Ice Tea 500ml;1
2025-03-08;1006;Ice Tea 500ml;9
2025-03-23;1006;Ice Tea 500ml;6
2025-03-25;1006;Ice Tea 500ml;2
2025-03-25;1006;Ice Tea 500ml;5
2025-03-26;1006;Ice Tea 500ml;2
2025-03-27;1006;Ice Tea 500ml;2
2025-03-27;1006;Ice Tea 500ml;2
2025-03-28;1006;Ice Tea 500ml;2
2025-03-30;1006;Ice Tea 500ml;3
2025-04-02;1006;Ice Tea 500ml;1
2025-04-06;1006;Ice Tea 500ml;2
2025-04-09;1006;Ice Tea 500ml;1
2025-04-10;1006;Ice Tea 500ml;4
2025-04-26;1006;Ice Tea 500ml;2
2025-04-27;1006;Ice Tea 500ml;0
2025-04-29;1006;Ice Tea 500ml;5
2025-05-01;1006;Ice Tea 500ml;6
2025-05-02;1006;Ice Tea 500ml;0
2025-05-03;1006;Ice Tea 500ml;2
2025-05-06;1006;Ice Tea 500ml;1
2025-05-10;1006;Ice Tea 500ml;5
2025-05-13;1006;Ice Tea 500ml;3
2024-11-23;1007;Damak;4
2024-11-29;1007;Damak;3
2024-12-01;1007;Damak;3
2024-12-10;1007;Damak;3
2024-12-19;1007;Damak;5
2024-12-25;1007;Damak;8
2024-12-26;1007;Damak;4
2024-12-27;1007;Damak;3
2025-01-09;1007;Damak;6
2025-01-14;1007;Damak;6
2025-01-15;1007;Damak;2
2025-01-27;1007;Damak;1
2025-01-31;1007;Damak;5
2025-02-02;1007;Damak;2
2025-02-08;1007;Damak;3
2025-02-10;1007;Damak;3
2025-02-11;1007;Damak;1
2025-02-15;1007;Damak;2
2025-02-17;1007;Damak;5
2025-02-19;1007;Damak;3
2025-02-27;1007;Damak;0
2025-03-05;1007;Damak;3
2025-03-05;1007;Damak;5
2025-03-16;1007;Damak;4
2025-03-16;1007;Damak;2
2025-03-17;1007;Damak;4
2025-03-18;1007;Damak;5
2025-03-19;1007;Damak;5
2025-03-21;1007;Damak;5
2025-03-31;1007;Damak;4
2025-04-03;1007;Damak;1
2025-04-04;1007;Damak;2
2025-04-11;1007;Damak;1
2025-04-15;1007;Damak;1
2025-04-18;1007;Damak;3
2025-04-20;1007;Damak;1
2025-04-23;1007;Damak;4
2025-04-29;1007;Damak;3
2025-05-01;1007;Damak;1
2025-05-09;1007;Damak;2
2025-05-12;1007;Damak;4
2024-11-14;1008;Sütlü;4
2024-11-15;1008;Sütlü;3
2024-11-16;1008;Sütlü;2
2024-12-01;1008;Sütlü;2
2024-12-05;1008;Sütlü;1
2024-12-06;1008;Sütlü;1
2024-12-08;1008;Sütlü;4
2024-12-10;1008;Sütlü;2
2024-12-10;1008;Sütlü;1
2024-12-20;1008;Sütlü;7
2024-12-21;1008;Sütlü;0
2024-12-22;1008;Sütlü;1
2024-12-31;1008;Sütlü;3
2025-01-13;1008;Sütlü;7
2025-01-13;1008;Sütlü;4
2025-01-18;1008;Sütlü;2
2025-01-20;1008;Sütlü;6
2025-01-25;1008;Sütlü;4
2025-01-27;1008;Sütlü;1
2025-01-28;1008;Sütlü;1
2025-01-29;1008;Sütlü;6
2025-01-31;1008;Sütlü;0
2025-02-01;1008;Sütlü;3
2025-02-02;1008;Sütlü;2
2025-02-10;1008;Sütlü;5
2025-02-22;1008;Sütlü;1
2025-02-22;1008;Sütlü;4
2025-02-23;1008;Sütlü;2
2025-02-27;1008;Sütlü;1
2025-03-02;1008;Sütlü;3
2025-03-20;1008;Sütlü;2
2025-03-20;1008;Sütlü;2
2025-03-23;1008;Sütlü;4
2025-03-27;1008;Sütlü;2
2025-03-30;1008;Sütlü;0
2025-04-01;1008;Sütlü;2
2025-04-01;1008;Sütlü;3
2025-04-03;1008;Sütlü;4
2025-04-04;1008;Sütlü;3
2025-04-10;1008;Sütlü;3
2025-04-11;1008;Sütlü;6
2025-04-13;1008;Sütlü;4
2025-05-04;1008;Sütlü;3
2025-05-08;1008;Sütlü;2
2025-05-10;1008;Sütlü;4
2025-05-11;1008;Sütlü;1
2025-05-12;1008;Sütlü;1
2024-11-24;1009;Soda;1
2024-11-26;1009;Soda;3
2024-11-27;1009;Soda;3
2024-12-05;1009;Soda;1
2024-12-08;1009;Soda;3
2024-12-10;1009;Soda;0
2024-12-15;1009;Soda;3
2024-12-22;1009;Soda;2
2024-12-27;1009;Soda;0
2024-12-29;1009;Soda;0
2024-12-31;1009;Soda;0
2025-01-09;1009;Soda;5
2025-01-22;1009;Soda;0
2025-01-24;1009;Soda;3
2025-02-03;1009;Soda;3
2025-02-11;1009;Soda;5
2025-02-11;1009;Soda;4
2025-02-24;1009;Soda;6
2025-02-24;1009;Soda;1
2025-02-24;1009;Soda;1
2025-02-26;1009;Soda;1
2025-03-06;1009;Soda;5
2025-03-08;1009;Soda;2
2025-03-14;1009;Soda;3
2025-03-18;1009;Soda;2
2025-03-24;1009;Soda;5
2025-03-29;1009;Soda;5
2025-04-01;1009;Soda;3
2025-04-11;1009;Soda;4
2025-04-15;1009;Soda;1
2025-05-06;1009;Soda;2
2025-05-06;1009;Soda;4
2025-05-08;1009;Soda;4
2025-05-09;1009;Soda;4
2025-05-12;1009;Soda;5
2024-11-15;1010;Süt 1L;2
2024-11-19;1010;Süt 1L;5
2024-11-22;1010;Süt 1L;2
2024-11-22;1010;Süt 1L;1
2024-12-02;1010;Süt 1L;1
2024-12-04;1010;Süt 1L;1
2024-12-04;1010;Süt 1L;4
2024-12-08;1010;Süt 1L;7
2024-12-14;1010;Süt 1L;4
2024-12-16;1010;Süt 1L;2
2024-12-17;1010;Süt 1L;4
2024-12-20;1010;Süt 1L;2
2024-12-20;1010;Süt 1L;0
2024-12-22;1010;Süt 1L;4
2024-12-29;1010;Süt 1L;0
2025-01-03;1010;Süt 1L;3
2025-01-05;1010;Süt 1L;2
2025-01-10;1010;Süt 1L;2
2025-01-11;1010;Süt 1L;7
2025-01-15;1010;Süt 1L;4
2025-01-18;1010;Süt 1L;5
2025-01-20;1010;Süt 1L;3
2025-01-25;1010;Süt 1L;1
2025-01-26;1010;Süt 1L;4
2025-01-28;1010;Süt 1L;2
2025-01-31;1010;Süt 1L;3
2025-02-02;1010;Süt 1L;3
2025-02-08;1010;Süt 1L;1
2025-02-12;1010;Süt 1L;3
2025-02-18;1010;Süt 1L;4
2025-02-28;1010;Süt 1L;6
2025-03-01;1010;Süt 1L;0
2025-03-04;1010;Süt 1L;1
2025-03-07;1010;Süt 1L;5
2025-03-09;1010;Süt 1L;5
2025-03-12;1010;Süt 1L;4
2025-03-22;1010;Süt 1L;3
2025-03-31;1010;Süt 1L;0
2025-03-31;1010;Süt 1L;3
2025-04-02;1010;Süt 1L;3
2025-04-03;1010;Süt 1L;1
2025-04-03;1010;Süt 1L;1
2025-04-03;1010;Süt 1L;3
2025-04-08;1010;Süt 1L;2
2025-04-08;1010;Süt 1L;3
2025-04-11;1010;Süt 1L;1
2025-04-14;1010;Süt 1L;1
2025-04-17;1010;Süt 1L;1
2025-04-19;1010;Süt 1L;1
2025-04-21;1010;Süt 1L;1
2025-04-21;1010;Süt 1L;2
2025-05-04;1010;Süt 1L;3
2025-05-06;1010;Süt 1L;2
2025-05-06;1010;Süt 1L;4
2025-05-07;1010;Süt 1L;1
2025-05-08;1010;Süt 1L;1
2025-05-08;1010;Süt 1L;1
2025-05-09;1010;Süt 1L;3
2024-11-16;1011;Ayçiçek Yağı 1L;4
2024-11-24;1011;Ayçiçek Yağı 1L;2
2024-11-25;1011;Ayçiçek Yağı 1L;1
2024-11-28;1011;Ayçiçek Yağı 1L;6
2024-11-29;1011;Ayçiçek Yağı 1L;5
2024-12-10;1011;Ayçiçek Yağı 1L;0
2024-12-26;1011;Ayçiçek Yağı 1L;2
2024-12-27;1011;Ayçiçek Yağı 1L;2
2024-12-28;1011;Ayçiçek Yağı 1L;7
2024-12-28;1011;Ayçiçek Yağı 1L;3
2025-01-04;1011;Ayçiçek Yağı 1L;1
2025-01-05;1011;Ayçiçek Yağı 1L;6
2025-01-05;1011;Ayçiçek Yağı 1L;3
2025-01-10;1011;Ayçiçek Yağı 1L;4
2025-01-10;1011;Ayçiçek Yağı 1L;2
2025-01-24;1011;Ayçiçek Yağı 1L;2
2025-01-27;1011;Ayçiçek Yağı 1L;3
2025-01-30;1011;Ayçiçek Yağı 1L;5
2025-02-02;1011;Ayçiçek Yağı 1L;1
2025-02-03;1011;Ayçiçek Yağı 1L;4
2025-02-03;1011;Ayçiçek Yağı 1L;1
2025-02-03;1011;Ayçiçek Yağı 1L;6
2025-02-08;1011;Ayçiçek Yağı 1L;3
2025-02-10;1011;Ayçiçek Yağı 1L;5
2025-02-12;1011;Ayçiçek Yağı 1L;2
2025-02-19;1011;Ayçiçek Yağı 1L;2
2025-02-20;1011;Ayçiçek Yağı 1L;3
2025-02-20;1011;Ayçiçek Yağı 1L;3
2025-02-22;1011;Ayçiçek Yağı 1L;5
2025-02-27;1011;Ayçiçek Yağı 1L;3
2025-03-02;1011;Ayçiçek Yağı 1L;5
2025-03-03;1011;Ayçiçek Yağı 1L;3
2025-03-05;1011;Ayçiçek Yağı 1L;0
2025-03-10;1011;Ayçiçek Yağı 1L;3
2025-03-10;1011;Ayçiçek Yağı 1L;1
2025-03-12;1011;Ayçiçek Yağı 1L;5
2025-03-14;1011;Ayçiçek Yağı 1L;2
2025-03-15;1011;Ayçiçek Yağı 1L;2
2025-03-23;1011;Ayçiçek Yağı 1L;2
2025-03-24;1011;Ayçiçek Yağı 1L;4
2025-04-03;1011;Ayçiçek Yağı 1L;4
2025-04-09;1011;Ayçiçek Yağı 1L;3
2025-04-19;1011;Ayçiçek Yağı 1L;1
2025-04-27;1011;Ayçiçek Yağı 1L;5
2025-04-28;1011;Ayçiçek Yağı 1L;2
2025-05-01;1011;Ayçiçek Yağı 1L;2
2025-05-01;1011;Ayçiçek Yağı 1L;7
2025-05-01;1011;Ayçiçek Yağı 1L;5
2025-05-08;1011;Ayçiçek Yağı 1L;4
2025-05-12;1011;Ayçiçek Yağı 1L;2
2025-05-12;1011;Ayçiçek Yağı 1L;0
2024-11-14;1012;Banada;2
2024-11-28;1012;Banada;6
2024-11-29;1012;Banada;1
2024-11-30;1012;Banada;3
2024-12-04;1012;Banada;4
2024-12-07;1012;Banada;2
2024-12-07;1012;Banada;5
2024-12-11;1012;Banada;1
2024-12-12;1012;Banada;3
2024-12-12;1012;Banada;3
2024-12-19;1012;Banada;1
2024-12-29;1012;Banada;2
2025-01-03;1012;Banada;6
2025-01-10;1012;Banada;2
2025-01-24;1012;Banada;3
2025-01-30;1012;Banada;2
2025-02-05;1012;Banada;3
2025-02-17;1012;Banada;5
2025-02-24;1012;Banada;0
2025-03-03;1012;Banada;6
2025-03-12;1012;Banada;3
2025-03-15;1012;Banada;5
2025-03-18;1012;Banada;0
2025-03-19;1012;Banada;3
2025-04-05;1012;Banada;8
2025-04-09;1012;Banada;6
2025-04-09;1012;Banada;4
2025-04-15;1012;Banada;2
2025-04-18;1012;Banada;1
2025-04-18;1012;Banada;3
2025-04-20;1012;Banada;1
2025-04-20;1012;Banada;2
2025-04-21;1012;Banada;4
2025-04-29;1012;Banada;1
2025-05-01;1012;Banada;2
2025-05-02;1012;Banada;3
2024-11-16;1013;Reçel;2
2024-11-19;1013;Reçel;3
2024-11-21;1013;Reçel;5
2024-11-21;1013;Reçel;2
2024-11-23;1013;Reçel;4
2024-11-24;1013;Reçel;1
2024-11-24;1013;Reçel;3
2024-12-01;1013;Reçel;3
2024-12-05;1013;Reçel;4
2024-12-06;1013;Reçel;1
2024-12-09;1013;Reçel;0
2024-12-13;1013;Reçel;4
2024-12-23;1013;Reçel;3
2024-12-26;1013;Reçel;1
2024-12-30;1013;Reçel;5
2025-01-07;1013;Reçel;4
2025-01-22;1013;Reçel;4
2025-01-22;1013;Reçel;2
2025-01-24;1013;Reçel;6
2025-01-31;1013;Reçel;3
2025-02-13;1013;Reçel;1
2025-02-22;1013;Reçel;2
2025-02-23;1013;Reçel;5
2025-03-02;1013;Reçel;5
2025-03-03;1013;Reçel;4
2025-03-04;1013;Reçel;3
2025-03-06;1013;Reçel;4
2025-03-07;1013;Reçel;0
2025-03-13;1013;Reçel;4
2025-03-17;1013;Reçel;2
2025-03-20;1013;Reçel;2
2025-03-23;1013;Reçel;4
2025-03-25;1013;Reçel;2
2025-03-27;1013;Reçel;3
2025-03-29;1013;Reçel;6
2025-03-30;1013;Reçel;5
2025-04-04;1013;Reçel;2
2025-04-08;1013;Reçel;5
2025-04-10;1013;Reçel;3
2025-04-13;1013;Reçel;6
2025-04-27;1013;Reçel;2
2025-04-27;1013;Reçel;1
2025-04-29;1013;Reçel;1
2025-05-02;1013;Reçel;2
2025-05-07;1013;Reçel;1
2025-05-09;1013;Reçel;4
2024-12-01;1014;Sucuk 250g;3
2024-12-02;1014;Sucuk 250g;3
2024-12-03;1014;Sucuk 250g;5
2024-12-08;1014;Sucuk 250g;3
2024-12-12;1014;Sucuk 250g;3
2024-12-13;1014;Sucuk 250g;3
2024-12-19;1014;Sucuk 250g;2
2024-12-22;1014;Sucuk 250g;4
2024-12-29;1014;Sucuk 250g;1
2025-01-13;1014;Sucuk 250g;4
2025-01-15;1014;Sucuk 250g;0
2025-01-18;1014;Sucuk 250g;4
2025-01-19;1014;Sucuk 250g;5
2025-01-19;1014;Sucuk 250g;5
2025-01-24;1014;Sucuk 250g;4
2025-01-29;1014;Sucuk 250g;6
2025-02-01;1014;Sucuk 250g;5
2025-02-02;1014;Sucuk 250g;2
2025-02-03;1014;Sucuk 250g;4
2025-02-08;1014;Sucuk 250g;5
2025-02-19;1014;Sucuk 250g;0
2025-02-20;1014;Sucuk 250g;4
2025-02-26;1014;Sucuk 250g;3
2025-03-02;1014;Sucuk 250g;1
2025-03-03;1014;Sucuk 250g;7
2025-03-08;1014;Sucuk 250g;6
2025-03-17;1014;Sucuk 250g;3
2025-03-19;1014;Sucuk 250g;2
2025-03-23;1014;Sucuk 250g;1
2025-03-23;1014;Sucuk 250g;3
2025-03-25;1014;Sucuk 250g;2
2025-03-30;1014;Sucuk 250g;6
2025-04-03;1014;Sucuk 250g;1
2025-04-04;1014;Sucuk 250g;8
2025-04-05;1014;Sucuk 250g;4
2025-04-07;1014;Sucuk 250g;3
2025-04-12;1014;Sucuk 250g;4
2025-04-16;1014;Sucuk 250g;7
2025-04-17;1014;Sucuk 250g;1
2025-04-28;1014;Sucuk 250g;1
2025-05-01;1014;Sucuk 250g;1
2024-11-15;1015;Salam 200g;4
2024-11-28;1015;Salam 200g;4
2024-11-29;1015;Salam 200g;4
2024-12-08;1015;Salam 200g;3
2024-12-09;1015;Salam 200g;4
2024-12-20;1015;Salam 200g;4
2024-12-23;1015;Salam 200g;2
2024-12-23;1015;Salam 200g;5
2024-12-25;1015;Salam 200g;4
2024-12-27;1015;Salam 200g;4
2025-01-02;1015;Salam 200g;1
2025-01-07;1015;Salam 200g;0
2025-01-13;1015;Salam 200g;3
2025-01-15;1015;Salam 200g;1
2025-01-20;1015;Salam 200g;4
2025-01-25;1015;Salam 200g;2
2025-02-09;1015;Salam 200g;2
2025-02-10;1015;Salam 200g;2
2025-02-11;1015;Salam 200g;3
2025-03-01;1015;Salam 200g;1
2025-03-04;1015;Salam 200g;2
2025-03-15;1015;Salam 200g;1
2025-03-27;1015;Salam 200g;5
2025-03-27;1015;Salam 200g;1
2025-04-01;1015;Salam 200g;5
2025-04-03;1015;Salam 200g;2
2025-04-04;1015;Salam 200g;3
2025-04-11;1015;Salam 200g;2
2025-04-12;1015;Salam 200g;2
2025-04-12;1015;Salam 200g;5
2025-04-13;1015;Salam 200g;3
2025-04-14;1015;Salam 200g;1
2025-04-15;1015;Salam 200g;2
2025-04-16;1015;Salam 200g;4
2025-05-01;1015;Salam 200g;4
2025-05-03;1015;Salam 200g;2
2025-05-11;1015;Salam 200g;3
2024-11-24;1016;Brownie;5
2024-11-24;1016;Brownie;3
2024-12-01;1016;Brownie;2
2024-12-07;1016;Brownie;2
2024-12-13;1016;Brownie;1
2024-12-20;1016;Brownie;2
2024-12-25;1016;Brownie;3
2024-12-30;1016;Brownie;4
2025-01-05;1016;Brownie;2
2025-01-27;1016;Brownie;2
2025-02-02;1016;Brownie;5
2025-02-04;1016;Brownie;4
2025-02-05;1016;Brownie;3
2025-02-08;1016;Brownie;1
2025-02-25;1016;Brownie;1
2025-02-28;1016;Brownie;4
2025-02-28;1016;Brownie;3
2025-03-06;1016;Brownie;4
2025-03-12;1016;Brownie;5
2025-03-14;1016;Brownie;2
2025-03-22;1016;Brownie;2
2025-03-26;1016;Brownie;4
2025-03-31;1016;Brownie;5
2025-03-31;1016;Brownie;2
2025-04-02;1016;Brownie;3
2025-04-03;1016;Brownie;6
2025-04-05;1016;Brownie;3
2025-04-06;1016;Brownie;3
2025-04-06;1016;Brownie;2
2025-04-09;1016;Brownie;4
2025-04-17;1016;Brownie;3
2025-04-18;1016;Brownie;4
2025-04-26;1016;Brownie;6
2025-05-04;1016;Brownie;0
2025-05-09;1016;Brownie;3
2024-11-14;1017;Tam Yağlı Süt 1L;2
2024-11-15;1017;Tam Yağlı Süt 1L;4
2024-11-22;1017;Tam Yağlı Süt 1L;1
2024-11-22;1017;Tam Yağlı Süt 1L;2
2024-11-23;1017;Tam Yağlı Süt 1L;1
2024-11-25;1017;Tam Yağlı Süt 1L;5
2024-12-03;1017;Tam Yağlı Süt 1L;4
2024-12-06;1017;Tam Yağlı Süt 1L;3
2024-12-11;1017;Tam Yağlı Süt 1L;1
2024-12-12;1017;Tam Yağlı Süt 1L;3
2024-12-13;1017;Tam Yağlı Süt 1L;4
2024-12-15;1017;Tam Yağlı Süt 1L;1
2024-12-23;1017;Tam Yağlı Süt 1L;1
2024-12-24;1017;Tam Yağlı Süt 1L;4
2024-12-25;1017;Tam Yağlı Süt 1L;3
2024-12-28;1017;Tam Yağlı Süt 1L;7
2024-12-30;1017;Tam Yağlı Süt 1L;2
2025-01-01;1017;Tam Yağlı Süt 1L;0
2025-01-08;1017;Tam Yağlı Süt 1L;3
2025-01-08;1017;Tam Yağlı Süt 1L;2
2025-01-17;1017;Tam Yağlı Süt 1L;6
2025-01-20;1017;Tam Yağlı Süt 1L;3
2025-01-23;1017;Tam Yağlı Süt 1L;4
2025-01-31;1017;Tam Yağlı Süt 1L;5
2025-02-03;1017;Tam Yağlı Süt 1L;6
2025-02-04;1017;Tam Yağlı Süt 1L;0
2025-02-06;1017;Tam Yağlı Süt 1L;3
2025-02-06;1017;Tam Yağlı Süt 1L;0
2025-02-08;1017;Tam Yağlı Süt 1L;4
2025-02-08;1017;Tam Yağlı Süt 1L;4
2025-02-09;1017;Tam Yağlı Süt 1L;4
2025-02-15;1017;Tam Yağlı Süt 1L;6
2025-02-19;1017;Tam Yağlı Süt 1L;1
2025-02-23;1017;Tam Yağlı Süt 1L;3
2025-02-24;1017;Tam Yağlı Süt 1L;6
2025-03-06;1017;Tam Yağlı Süt 1L;8
2025-03-08;1017;Tam Yağlı Süt 1L;2
2025-03-16;1017;Tam Yağlı Süt 1L;2
2025-03-18;1017;Tam Yağlı Süt 1L;3
2025-03-21;1017;Tam Yağlı Süt 1L;2
2025-03-25;1017;Tam Yağlı Süt 1L;1
2025-03-28;1017;Tam Yağlı Süt 1L;1
2025-04-03;1017;Tam Yağlı Süt 1L;2
2025-04-09;1017;Tam Yağlı Süt 1L;2
2025-04-12;1017;Tam Yağlı Süt 1L;6
2025-04-14;1017;Tam Yağlı Süt 1L;2
2025-04-20;1017;Tam Yağlı Süt 1L;3
2025-04-20;1017;Tam Yağlı Süt 1L;4
2025-04-21;1017;Tam Yağlı Süt 1L;2
2025-04-23;1017;Tam Yağlı Süt 1L;5
2025-04-23;1017;Tam Yağlı Süt 1L;1
2025-04-24;1017;Tam Yağlı Süt 1L;5
2025-04-25;1017;Tam Yağlı Süt 1L;2
2025-04-26;1017;Tam Yağlı Süt 1L;3
2025-04-29;1017;Tam Yağlı Süt 1L;2
2025-05-01;1017;Tam Yağlı Süt 1L;4
2025-05-05;1017;Tam Yağlı Süt 1L;3
2025-05-10;1017;Tam Yağlı Süt 1L;2
2025-05-12;1017;Tam Yağlı Süt 1L;7
2025-05-13;1017;Tam Yağlı Süt 1L;3
2024-11-20;1018;Yoğurt 1kg;1
2024-12-10;1018;Yoğurt 1kg;4
2024-12-11;1018;Yoğurt 1kg;2
2024-12-15;1018;Yoğurt 1kg;6
2024-12-19;1018;Yoğurt 1kg;2
2024-12-25;1018;Yoğurt 1kg;2
2025-01-01;1018;Yoğurt 1kg;1
2025-01-02;1018;Yoğurt 1kg;6
2025-01-04;1018;Yoğurt 1kg;2
2025-01-09;1018;Yoğurt 1kg;5
2025-01-10;1018;Yoğurt 1kg;2
2025-01-14;1018;Yoğurt 1kg;0
2025-01-20;1018;Yoğurt 1kg;4
2025-01-20;1018;Yoğurt 1kg;0
2025-01-24;1018;Yoğurt 1kg;5
2025-02-02;1018;Yoğurt 1kg;2
2025-02-07;1018;Yoğurt 1kg;4
2025-02-25;1018;Yoğurt 1kg;5
2025-03-11;1018;Yoğurt 1kg;2
2025-03-13;1018;Yoğurt 1kg;1
2025-03-21;1018;Yoğurt 1kg;1
2025-03-22;1018;Yoğurt 1kg;2
2025-03-25;1018;Yoğurt 1kg;5
2025-03-27;1018;Yoğurt 1kg;3
2025-04-01;1018;Yoğurt 1kg;6
2025-04-03;1018;Yoğurt 1kg;3
2025-04-03;1018;Yoğurt 1kg;8
2025-04-09;1018;Yoğurt 1kg;3
2025-04-09;1018;Yoğurt 1kg;4
2025-04-26;1018;Yoğurt 1kg;7
2025-04-28;1018;Yoğurt 1kg;2
2025-05-01;1018;Yoğurt 1kg;1
2025-05-06;1018;Yoğurt 1kg;4
2025-05-07;1018;Yoğurt 1kg;4
2025-05-08;1018;Yoğurt 1kg;5
2024-11-18;1019;Ayran 500ml;6
2024-11-21;1019;Ayran 500ml;4
2024-11-26;1019;Ayran 500ml;4
2024-11-30;1019;Ayran 500ml;4
2024-12-01;1019;Ayran 500ml;3
2024-12-02;1019;Ayran 500ml;3
2024-12-03;1019;Ayran 500ml;3
2024-12-06;1019;Ayran 500ml;2
2024-12-09;1019;Ayran 500ml;4
2024-12-14;1019;Ayran 500ml;3
2024-12-15;1019;Ayran 500ml;0
2024-12-23;1019;Ayran 500ml;3
2024-12-24;1019;Ayran 500ml;0
2025-01-02;1019;Ayran 500ml;3
2025-01-05;1019;Ayran 500ml;4
2025-01-07;1019;Ayran 500ml;5
2025-01-14;1019;Ayran 500ml;1
2025-01-16;1019;Ayran 500ml;7
2025-01-18;1019;Ayran 500ml;1
2025-01-28;1019;Ayran 500ml;2
2025-01-31;1019;Ayran 500ml;4
2025-02-03;1019;Ayran 500ml;2
2025-02-05;1019;Ayran 500ml;3
2025-02-12;1019;Ayran 500ml;4
2025-02-14;1019;Ayran 500ml;5
2025-02-16;1019;Ayran 500ml;1
2025-02-18;1019;Ayran 500ml;5
2025-02-21;1019;Ayran 500ml;4
2025-02-21;1019;Ayran 500ml;3
2025-02-21;1019;Ayran 500ml;1
2025-02-23;1019;Ayran 500ml;3
2025-02-27;1019;Ayran 500ml;3
2025-03-03;1019;Ayran 500ml;1
2025-03-05;1019;Ayran 500ml;0
2025-03-08;1019;Ayran 500ml;5
2025-03-13;1019;Ayran 500ml;3
2025-03-18;1019;Ayran 500ml;7
2025-03-24;1019;Ayran 500ml;2
2025-03-29;1019;Ayran 500ml;2
2025-03-31;1019;Ayran 500ml;3
2025-04-03;1019;Ayran 500ml;5
2025-04-07;1019;Ayran 500ml;3
2025-04-12;1019;Ayran 500ml;2
2025-04-12;1019;Ayran 500ml;0
2025-04-16;1019;Ayran 500ml;6
2025-04-22;1019;Ayran 500ml;7
2025-04-27;1019;Ayran 500ml;1
2025-04-28;1019;Ayran 500ml;0
2025-04-28;1019;Ayran 500ml;3
2025-05-11;1019;Ayran 500ml;1
2024-11-20;1020;Activia;3
2024-11-27;1020;Activia;3
2024-11-29;1020;Activia;4
2024-12-01;1020;Activia;1
2024-12-01;1020;Activia;5
2024-12-01;1020;Activia;4
2024-12-06;1020;Activia;3
2024-12-08;1020;Activia;1
2024-12-09;1020;Activia;4
2024-12-13;1020;Activia;3
2024-12-21;1020;Activia;3
2024-12-26;1020;Activia;3
2024-12-30;1020;Activia;3
2024-12-31;1020;Activia;4
2024-12-31;1020;Activia;2
2025-01-01;1020;Activia;4
2025-01-05;1020;Activia;3
2025-01-09;1020;Activia;2
2025-01-18;1020;Activia;2
2025-01-20;1020;Activia;5
2025-01-20;1020;Activia;3
2025-01-27;1020;Activia;3
2025-02-01;1020;Activia;3
2025-02-01;1020;Activia;2
2025-02-05;1020;Activia;3
2025-02-05;1020;Activia;3
2025-02-09;1020;Activia;4
2025-02-14;1020;Activia;5
2025-02-17;1020;Activia;2
2025-02-22;1020;Activia;1
2025-02-22;1020;Activia;6
2025-02-24;1020;Activia;2
2025-02-26;1020;Activia;2
2025-02-27;1020;Activia;2
2025-03-02;1020;Activia;1
2025-03-03;1020;Activia;1
2025-03-04;1020;Activia;3
2025-03-05;1020;Activia;3
2025-03-06;1020;Activia;4
2025-03-11;1020;Activia;3
2025-03-12;1020;Activia;1
2025-03-13;1020;Activia;3
2025-03-14;1020;Activia;1
2025-03-14;1020;Activia;4
2025-03-17;1020;Activia;1
2025-03-22;1020;Activia;3
2025-03-28;1020;Activia;3
2025-04-03;1020;Activia;1
2025-04-09;1020;Activia;3
2025-04-13;1020;Activia;2
2025-04-14;1020;Activia;2
2025-04-16;1020;Activia;2
2025-04-21;1020;Activia;2
2025-04-23;1020;Activia;3
2025-04-26;1020;Activia;0
2025-04-27;1020;Activia;1
2025-05-05;1020;Activia;2
2025-05-08;1020;Activia;5
2025-05-10;1020;Activia;3
2024-11-14;1021;Corn Flakes;8
2024-11-15;1021;Corn Flakes;1
2024-11-17;1021;Corn Flakes;1
2024-11-21;1021;Corn Flakes;5
2024-11-21;1021;Corn Flakes;4
2024-11-24;1021;Corn Flakes;6
2024-11-27;1021;Corn Flakes;2
2024-12-08;1021;Corn Flakes;2
2024-12-09;1021;Corn Flakes;4
2024-12-11;1021;Corn Flakes;3
2024-12-13;1021;Corn Flakes;5
2024-12-23;1021;Corn Flakes;0
2024-12-25;1021;Corn Flakes;3
2024-12-25;1021;Corn Flakes;3
2024-12-26;1021;Corn Flakes;7
2025-01-03;1021;Corn Flakes;2
2025-01-04;1021;Corn Flakes;2
2025-01-25;1021;Corn Flakes;4
2025-02-11;1021;Corn Flakes;7
2025-02-16;1021;Corn Flakes;6
2025-02-26;1021;Corn Flakes;1
2025-03-02;1021;Corn Flakes;4
2025-03-04;1021;Corn Flakes;1
2025-03-05;1021;Corn Flakes;3
2025-03-07;1021;Corn Flakes;1
2025-03-18;1021;Corn Flakes;3
2025-03-23;1021;Corn Flakes;3
2025-03-26;1021;Corn Flakes;3
2025-04-06;1021;Corn Flakes;2
2025-04-07;1021;Corn Flakes;7
2025-04-10;1021;Corn Flakes;2
2025-04-14;1021;Corn Flakes;4
2025-04-17;1021;Corn Flakes;0
2025-04-18;1021;Corn Flakes;5
2025-04-25;1021;Corn Flakes;2
2025-04-29;1021;Corn Flakes;1
2025-05-04;1021;Corn Flakes;3
2024-11-15;1022;Kakaolu Süt;1
2024-11-18;1022;Kakaolu Süt;2
2024-11-28;1022;Kakaolu Süt;4
2024-12-01;1022;Kakaolu Süt;5
2024-12-03;1022;Kakaolu Süt;1
2024-12-04;1022;Kakaolu Süt;4
2024-12-10;1022;Kakaolu Süt;4
2024-12-15;1022;Kakaolu Süt;2
2024-12-15;1022;Kakaolu Süt;3
2024-12-21;1022;Kakaolu Süt;3
2024-12-22;1022;Kakaolu Süt;6
2024-12-23;1022;Kakaolu Süt;4
2024-12-26;1022;Kakaolu Süt;3
2024-12-30;1022;Kakaolu Süt;4
2025-01-08;1022;Kakaolu Süt;2
2025-01-10;1022;Kakaolu Süt;4
2025-01-12;1022;Kakaolu Süt;3
2025-01-14;1022;Kakaolu Süt;4
2025-01-19;1022;Kakaolu Süt;3
2025-01-28;1022;Kakaolu Süt;3
2025-02-04;1022;Kakaolu Süt;4
2025-02-05;1022;Kakaolu Süt;4
2025-02-07;1022;Kakaolu Süt;4
2025-02-08;1022;Kakaolu Süt;4
2025-02-12;1022;Kakaolu Süt;4
2025-02-16;1022;Kakaolu Süt;3
2025-02-19;1022;Kakaolu Süt;3
2025-02-22;1022;Kakaolu Süt;2
2025-02-22;1022;Kakaolu Süt;4
2025-03-03;1022;Kakaolu Süt;3
2025-03-04;1022;Kakaolu Süt;1
2025-03-07;1022;Kakaolu Süt;4
2025-03-09;1022;Kakaolu Süt;5
2025-03-12;1022;Kakaolu Süt;2
2025-03-20;1022;Kakaolu Süt;3
2025-03-27;1022;Kakaolu Süt;4
2025-04-06;1022;Kakaolu Süt;3
2025-04-10;1022;Kakaolu Süt;2
2025-04-11;1022;Kakaolu Süt;4
2025-04-12;1022;Kakaolu Süt;6
2025-04-12;1022;Kakaolu Süt;5
2025-04-21;1022;Kakaolu Süt;2
2025-04-21;1022;Kakaolu Süt;1
2025-04-28;1022;Kakaolu Süt;4
2025-04-29;1022;Kakaolu Süt;3
2025-04-30;1022;Kakaolu Süt;1
2025-05-04;1022;Kakaolu Süt;5
2025-05-05;1022;Kakaolu Süt;4
2025-05-05;1022;Kakaolu Süt;5
2025-05-09;1022;Kakaolu Süt;2
2025-05-09;1022;Kakaolu Süt;4
2025-05-09;1022;Kakaolu Süt;1
2024-11-15;1023;Vişne Nektarı;1
2024-11-17;1023;Vişne Nektarı;5
2024-11-17;1023;Vişne Nektarı;1
2024-11-18;1023;Vişne Nektarı;2
2024-11-22;1023;Vişne Nektarı;2
2024-11-27;1023;Vişne Nektarı;0
2024-12-03;1023;Vişne Nektarı;3
2024-12-13;1023;Vişne Nektarı;6
2024-12-17;1023;Vişne Nektarı;1
2024-12-18;1023;Vişne Nektarı;0
2024-12-21;1023;Vişne Nektarı;3
2024-12-25;1023;Vişne Nektarı;1
2024-12-26;1023;Vişne Nektarı;2
2024-12-28;1023;Vişne Nektarı;2
2024-12-31;1023;Vişne Nektarı;4
2025-01-07;1023;Vişne Nektarı;2
2025-01-08;1023;Vişne Nektarı;6
2025-01-09;1023;Vişne Nektarı;2
2025-01-12;1023;Vişne Nektarı;3
2025-01-12;1023;Vişne Nektarı;2
2025-01-23;1023;Vişne Nektarı;3
2025-01-26;1023;Vişne Nektarı;2
2025-01-29;1023;Vişne Nektarı;3
2025-01-29;1023;Vişne Nektarı;3
2025-01-30;1023;Vişne Nektarı;2
2025-02-02;1023;Vişne Nektarı;2
2025-02-03;1023;Vişne Nektarı;2
2025-02-04;1023;Vişne Nektarı;4
2025-02-08;1023;Vişne Nektarı;3
2025-02-11;1023;Vişne Nektarı;4
2025-02-13;1023;Vişne Nektarı;4
2025-02-13;1023;Vişne Nektarı;3
2025-02-14;1023;Vişne Nektarı;4
2025-02-21;1023;Vişne Nektarı;1
2025-02-22;1023;Vişne Nektarı;4
2025-02-25;1023;Vişne Nektarı;2
2025-03-06;1023;Vişne Nektarı;1
2025-03-21;1023;Vişne Nektarı;3
2025-03-23;1023;Vişne Nektarı;2
2025-03-25;1023;Vişne Nektarı;6
2025-03-26;1023;Vişne Nektarı;1
2025-03-27;1023;Vişne Nektarı;2
2025-03-30;1023;Vişne Nektarı;5
2025-03-31;1023;Vişne Nektarı;2
2025-04-05;1023;Vişne Nektarı;2
2025-04-05;1023;Vişne Nektarı;5
2025-04-10;1023;Vişne Nektarı;2
2025-04-26;1023;Vişne Nektarı;1
2025-05-01;1023;Vişne Nektarı;2
2025-05-02;1023;Vişne Nektarı;2
2025-05-03;1023;Vişne Nektarı;5
2025-05-04;1023;Vişne Nektarı;1
2025-05-08;1023;Vişne Nektarı;3
2025-05-08;1023;Vişne Nektarı;2
2025-05-12;1023;Vişne Nektarı;0
2024-11-15;1024;Domates Salçası;6
2024-11-17;1024;Domates Salçası;1
2024-11-18;1024;Domates Salçası;2
2024-11-20;1024;Domates Salçası;2
2024-11-24;1024;Domates Salçası;2
2024-11-26;1024;Domates Salçası;1
2024-11-28;1024;Domates Salçası;6
2024-12-09;1024;Domates Salçası;2
2024-12-18;1024;Domates Salçası;4
2024-12-23;1024;Domates Salçası;3
2024-12-24;1024;Domates Salçası;5
2024-12-28;1024;Domates Salçası;2
2024-12-29;1024;Domates Salçası;3
2025-01-01;1024;Domates Salçası;3
2025-01-04;1024;Domates Salçası;0
2025-01-06;1024;Domates Salçası;3
2025-01-10;1024;Domates Salçası;5
2025-01-14;1024;Domates Salçası;2
2025-01-18;1024;Domates Salçası;5
2025-01-25;1024;Domates Salçası;2
2025-02-10;1024;Domates Salçası;5
2025-02-14;1024;Domates Salçası;3
2025-02-19;1024;Domates Salçası;2
2025-02-20;1024;Domates Salçası;1
2025-02-24;1024;Domates Salçası;4
2025-03-06;1024;Domates Salçası;2
2025-03-07;1024;Domates Salçası;8
2025-03-14;1024;Domates Salçası;2
2025-03-21;1024;Domates Salçası;2
2025-03-25;1024;Domates Salçası;1
2025-03-29;1024;Domates Salçası;5
2025-03-31;1024;Domates Salçası;4
2025-04-11;1024;Domates Salçası;3
2025-04-21;1024;Domates Salçası;3
2025-05-01;1024;Domates Salçası;3
2025-05-04;1024;Domates Salçası;5
2025-05-09;1024;Domates Salçası;4
2025-05-09;1024;Domates Salçası;4
2024-11-20;1025;Pilavlık Bulgur;5
2024-11-26;1025;Pilavlık Bulgur;2
2024-12-13;1025;Pilavlık Bulgur;3
2024-12-13;1025;Pilavlık Bulgur;1
2024-12-20;1025;Pilavlık Bulgur;3
2024-12-25;1025;Pilavlık Bulgur;3
2024-12-30;1025;Pilavlık Bulgur;3
2025-01-02;1025;Pilavlık Bulgur;3
2025-01-04;1025;Pilavlık Bulgur;2
2025-01-10;1025;Pilavlık Bulgur;2
2025-01-16;1025;Pilavlık Bulgur;3
2025-01-17;1025;Pilavlık Bulgur;4
2025-01-17;1025;Pilavlık Bulgur;5
2025-01-21;1025;Pilavlık Bulgur;4
2025-01-29;1025;Pilavlık Bulgur;3
2025-02-02;1025;Pilavlık Bulgur;2
2025-02-05;1025;Pilavlık Bulgur;3
2025-02-05;1025;Pilavlık Bulgur;3
2025-02-07;1025;Pilavlık Bulgur;1
2025-02-10;1025;Pilavlık Bulgur;3
2025-02-19;1025;Pilavlık Bulgur;4
2025-02-23;1025;Pilavlık Bulgur;4
2025-03-04;1025;Pilavlık Bulgur;3
2025-03-07;1025;Pilavlık Bulgur;4
2025-03-08;1025;Pilavlık Bulgur;2
2025-03-23;1025;Pilavlık Bulgur;2
2025-03-26;1025;Pilavlık Bulgur;4
2025-03-27;1025;Pilavlık Bulgur;6
2025-03-28;1025;Pilavlık Bulgur;5
2025-04-11;1025;Pilavlık Bulgur;3
2025-04-22;1025;Pilavlık Bulgur;1
2025-04-27;1025;Pilavlık Bulgur;4
2025-04-27;1025;Pilavlık Bulgur;1
2025-05-02;1025;Pilavlık Bulgur;1
2025-05-11;1025;Pilavlık Bulgur;3
2024-11-21;1026;Makarna;3
2024-11-21;1026;Makarna;3
2024-12-02;1026;Makarna;5
2024-12-05;1026;Makarna;0
2024-12-06;1026;Makarna;1
2024-12-19;1026;Makarna;1
2024-12-22;1026;Makarna;6
2024-12-23;1026;Makarna;4
2024-12-25;1026;Makarna;4
2025-01-10;1026;Makarna;5
2025-01-17;1026;Makarna;1
2025-01-18;1026;Makarna;5
2025-01-24;1026;Makarna;4
2025-01-28;1026;Makarna;3
2025-01-29;1026;Makarna;3
2025-01-31;1026;Makarna;0
2025-02-01;1026;Makarna;5
2025-02-04;1026;Makarna;3
2025-02-05;1026;Makarna;3
2025-02-08;1026;Makarna;1
2025-02-09;1026;Makarna;2
2025-02-11;1026;Makarna;3
2025-02-12;1026;Makarna;3
2025-02-14;1026;Makarna;4
2025-02-15;1026;Makarna;3
2025-02-21;1026;Makarna;2
2025-02-21;1026;Makarna;2
2025-02-28;1026;Makarna;5
2025-03-03;1026;Makarna;1
2025-03-13;1026;Makarna;5
2025-03-18;1026;Makarna;2
2025-03-20;1026;Makarna;1
2025-03-25;1026;Makarna;7
2025-04-01;1026;Makarna;2
2025-04-02;1026;Makarna;3
2025-04-12;1026;Makarna;3
2025-04-14;1026;Makarna;4
2025-04-14;1026;Makarna;6
2025-04-22;1026;Makarna;2
2025-04-23;1026;Makarna;5
2025-05-01;1026;Makarna;4
2025-05-02;1026;Makarna;0
2025-05-04;1026;Makarna;3
2025-05-08;1026;Makarna;3
2025-05-10;1026;Makarna;0
2025-05-12;1026;Makarna;4
2024-11-19;1027;Kaşar Peyniri;3
2024-11-20;1027;Kaşar Peyniri;6
2024-11-22;1027;Kaşar Peyniri;4
2024-11-22;1027;Kaşar Peyniri;1
2024-12-08;1027;Kaşar Peyniri;2
2024-12-08;1027;Kaşar Peyniri;3
2024-12-08;1027;Kaşar Peyniri;5
2024-12-09;1027;Kaşar Peyniri;2
2024-12-10;1027;Kaşar Peyniri;0
2024-12-15;1027;Kaşar Peyniri;4
2024-12-15;1027;Kaşar Peyniri;0
2024-12-16;1027;Kaşar Peyniri;3
2024-12-17;1027;Kaşar Peyniri;4
2024-12-22;1027;Kaşar Peyniri;2
2024-12-28;1027;Kaşar Peyniri;4
2025-01-03;1027;Kaşar Peyniri;4
2025-01-03;1027;Kaşar Peyniri;3
2025-01-08;1027;Kaşar Peyniri;3
2025-01-14;1027;Kaşar Peyniri;8
2025-01-16;1027;Kaşar Peyniri;2
2025-01-17;1027;Kaşar Peyniri;3
2025-01-21;1027;Kaşar Peyniri;4
2025-01-22;1027;Kaşar Peyniri;4
2025-01-29;1027;Kaşar Peyniri;2
2025-02-01;1027;Kaşar Peyniri;4
2025-02-04;1027;Kaşar Peyniri;4
2025-02-12;1027;Kaşar Peyniri;4
2025-02-21;1027;Kaşar Peyniri;2
2025-03-01;1027;Kaşar Peyniri;4
2025-03-02;1027;Kaşar Peyniri;3
2025-03-03;1027;Kaşar Peyniri;2
2025-03-09;1027;Kaşar Peyniri;1
2025-03-11;1027;Kaşar Peyniri;5
2025-03-11;1027;Kaşar Peyniri;3
2025-03-14;1027;Kaşar Peyniri;3
2025-03-24;1027;Kaşar Peyniri;2
2025-03-29;1027;Kaşar Peyniri;1
2025-03-30;1027;Kaşar Peyniri;0
2025-03-30;1027;Kaşar Peyniri;8
2025-04-01;1027;Kaşar Peyniri;7
2025-04-04;1027;Kaşar Peyniri;5
2025-04-15;1027;Kaşar Peyniri;2
2025-04-16;1027;Kaşar Peyniri;3
2025-04-19;1027;Kaşar Peyniri;2
2025-04-20;1027;Kaşar Peyniri;5
2025-04-22;1027;Kaşar Peyniri;6
2025-04-25;1027;Kaşar Peyniri;3
2025-04-27;1027;Kaşar Peyniri;2
2025-04-27;1027;Kaşar Peyniri;3
2025-05-10;1027;Kaşar Peyniri;1
2024-11-14;1028;Yoğurt 2kg;4
2024-11-16;1028;Yoğurt 2kg;6
2024-11-21;1028;Yoğurt 2kg;2
2024-11-24;1028;Yoğurt 2kg;6
2024-11-25;1028;Yoğurt 2kg;2
2024-11-30;1028;Yoğurt 2kg;4
2024-12-11;1028;Yoğurt 2kg;0
2024-12-13;1028;Yoğurt 2kg;2
2024-12-13;1028;Yoğurt 2kg;5
2024-12-14;1028;Yoğurt 2kg;4
2024-12-23;1028;Yoğurt 2kg;5
2024-12-23;1028;Yoğurt 2kg;1
2024-12-24;1028;Yoğurt 2kg;3
2024-12-24;1028;Yoğurt 2kg;4
2024-12-25;1028;Yoğurt 2kg;4
2024-12-28;1028;Yoğurt 2kg;6
2025-01-04;1028;Yoğurt 2kg;0
2025-01-05;1028;Yoğurt 2kg;3
2025-01-14;1028;Yoğurt 2kg;2
2025-01-19;1028;Yoğurt 2kg;2
2025-01-22;1028;Yoğurt 2kg;6
2025-01-23;1028;Yoğurt 2kg;3
2025-01-24;1028;Yoğurt 2kg;2
2025-01-24;1028;Yoğurt 2kg;5
2025-01-25;1028;Yoğurt 2kg;3
2025-01-25;1028;Yoğurt 2kg;1
2025-01-28;1028;Yoğurt 2kg;0
2025-02-06;1028;Yoğurt 2kg;0
2025-02-07;1028;Yoğurt 2kg;3
2025-02-13;1028;Yoğurt 2kg;3
2025-02-14;1028;Yoğurt 2kg;3
2025-03-05;1028;Yoğurt 2kg;5
2025-03-05;1028;Yoğurt 2kg;2
2025-03-06;1028;Yoğurt 2kg;1
2025-03-14;1028;Yoğurt 2kg;3
2025-03-14;1028;Yoğurt 2kg;2
2025-03-20;1028;Yoğurt 2kg;4
2025-03-21;1028;Yoğurt 2kg;2
2025-03-22;1028;Yoğurt 2kg;4
2025-03-23;1028;Yoğurt 2kg;3
2025-03-23;1028;Yoğurt 2kg;5
2025-03-25;1028;Yoğurt 2kg;4
2025-04-06;1028;Yoğurt 2kg;2
2025-04-07;1028;Yoğurt 2kg;2
2025-04-08;1028;Yoğurt 2kg;2
2025-04-09;1028;Yoğurt 2kg;5
2025-04-12;1028;Yoğurt 2kg;2
2025-04-15;1028;Yoğurt 2kg;2
2025-04-23;1028;Yoğurt 2kg;6
2025-04-28;1028;Yoğurt 2kg;2
2025-05-02;1028;Yoğurt 2kg;3
2025-05-07;1028;Yoğurt 2kg;3
2025-05-09;1028;Yoğurt 2kg;3
2025-05-11;1028;Yoğurt 2kg;1
2025-05-12;1028;Yoğurt 2kg;3
2025-05-13;1028;Yoğurt 2kg;2
2024-11-18;1029;Biskrem;1
2024-11-20;1029;Biskrem;3
2024-11-20;1029;Biskrem;1
2024-11-21;1029;Biskrem;2
2024-11-22;1029;Biskrem;0
2024-11-29;1029;Biskrem;3
2024-11-29;1029;Biskrem;2
2024-12-01;1029;Biskrem;4
2024-12-02;1029;Biskrem;2
2024-12-10;1029;Biskrem;2
2024-12-11;1029;Biskrem;3
2024-12-11;1029;Biskrem;6
2024-12-12;1029;Biskrem;6
2024-12-12;1029;Biskrem;4
2024-12-14;1029;Biskrem;2
2024-12-20;1029;Biskrem;2
2024-12-20;1029;Biskrem;3
2024-12-26;1029;Biskrem;4
2024-12-30;1029;Biskrem;4
2025-01-03;1029;Biskrem;4
2025-01-04;1029;Biskrem;4
2025-01-06;1029;Biskrem;2
2025-01-09;1029;Biskrem;0
2025-01-21;1029;Biskrem;1
2025-01-21;1029;Biskrem;2
2025-01-30;1029;Biskrem;2
2025-02-04;1029;Biskrem;2
2025-02-05;1029;Biskrem;0
2025-02-06;1029;Biskrem;4
2025-02-09;1029;Biskrem;1
2025-02-15;1029;Biskrem;4
2025-02-18;1029;Biskrem;5
2025-02-19;1029;Biskrem;2
2025-02-23;1029;Biskrem;1
2025-02-25;1029;Biskrem;4
2025-03-06;1029;Biskrem;6
2025-03-15;1029;Biskrem;2
2025-03-18;1029;Biskrem;3
2025-03-22;1029;Biskrem;0
2025-03-22;1029;Biskrem;3
2025-03-23;1029;Biskrem;4
2025-03-23;1029;Biskrem;4
2025-03-28;1029;Biskrem;3
2025-04-02;1029;Biskrem;7
2025-04-11;1029;Biskrem;5
2025-04-11;1029;Biskrem;5
2025-04-16;1029;Biskrem;6
2025-04-21;1029;Biskrem;4
2025-05-03;1029;Biskrem;3
2025-05-06;1029;Biskrem;1
2025-05-08;1029;Biskrem;4
2025-05-13;1029;Biskrem;4
2024-11-15;1030;Tutku;4
2024-11-18;1030;Tutku;0
2024-11-30;1030;Tutku;5
2024-12-03;1030;Tutku;3
2024-12-03;1030;Tutku;4
2024-12-03;1030;Tutku;3
2024-12-04;1030;Tutku;0
2024-12-10;1030;Tutku;8
2024-12-21;1030;Tutku;3
2024-12-22;1030;Tutku;3
2024-12-27;1030;Tutku;0
2024-12-31;1030;Tutku;6
2025-01-02;1030;Tutku;4
2025-01-03;1030;Tutku;5
2025-01-12;1030;Tutku;1
2025-01-16;1030;Tutku;5
2025-01-24;1030;Tutku;6
2025-01-26;1030;Tutku;5
2025-01-26;1030;Tutku;1
2025-01-27;1030;Tutku;5
2025-01-30;1030;Tutku;5
2025-01-31;1030;Tutku;6
2025-02-08;1030;Tutku;1
2025-02-12;1030;Tutku;1
2025-02-15;1030;Tutku;6
2025-02-16;1030;Tutku;2
2025-02-21;1030;Tutku;6
2025-02-24;1030;Tutku;2
2025-03-05;1030;Tutku;4
2025-03-09;1030;Tutku;0
2025-03-09;1030;Tutku;4
2025-03-14;1030;Tutku;1
2025-03-14;1030;Tutku;5
2025-03-21;1030;Tutku;4
2025-03-22;1030;Tutku;5
2025-03-24;1030;Tutku;3
2025-03-24;1030;Tutku;3
2025-04-05;1030;Tutku;1
2025-04-06;1030;Tutku;4
2025-04-13;1030;Tutku;1
2025-04-15;1030;Tutku;4
2025-04-20;1030;Tutku;4
2025-04-24;1030;Tutku;0
2025-04-25;1030;Tutku;4
2025-04-30;1030;Tutku;5
2025-05-01;1030;Tutku;2
2024-11-16;1031;Çilekli Gofret;3
2024-11-19;1031;Çilekli Gofret;2
2024-11-26;1031;Çilekli Gofret;1
2024-12-06;1031;Çilekli Gofret;2
2024-12-06;1031;Çilekli Gofret;1
2024-12-08;1031;Çilekli Gofret;2
2024-12-11;1031;Çilekli Gofret;4
2024-12-13;1031;Çilekli Gofret;6
2024-12-14;1031;Çilekli Gofret;5
2024-12-17;1031;Çilekli Gofret;1
2024-12-18;1031;Çilekli Gofret;0
2024-12-20;1031;Çilekli Gofret;3
2024-12-20;1031;Çilekli Gofret;1
2024-12-26;1031;Çilekli Gofret;4
2025-01-06;1031;Çilekli Gofret;3
2025-01-17;1031;Çilekli Gofret;4
2025-01-23;1031;Çilekli Gofret;5
2025-01-27;1031;Çilekli Gofret;0
2025-01-30;1031;Çilekli Gofret;1
2025-01-30;1031;Çilekli Gofret;2
2025-02-01;1031;Çilekli Gofret;3
2025-02-06;1031;Çilekli Gofret;2
2025-02-08;1031;Çilekli Gofret;3
2025-02-13;1031;Çilekli Gofret;5
2025-02-14;1031;Çilekli Gofret;6
2025-02-15;1031;Çilekli Gofret;2
2025-02-18;1031;Çilekli Gofret;6
2025-02-18;1031;Çilekli Gofret;5
2025-02-21;1031;Çilekli Gofret;2
2025-02-23;1031;Çilekli Gofret;3
2025-02-24;1031;Çilekli Gofret;1
2025-02-27;1031;Çilekli Gofret;2
2025-03-01;1031;Çilekli Gofret;4
2025-03-01;1031;Çilekli Gofret;2
2025-03-05;1031;Çilekli Gofret;3
2025-03-05;1031;Çilekli Gofret;5
2025-03-06;1031;Çilekli Gofret;1
2025-03-06;1031;Çilekli Gofret;3
2025-03-08;1031;Çilekli Gofret;0
2025-03-08;1031;Çilekli Gofret;2
2025-03-09;1031;Çilekli Gofret;2
2025-03-14;1031;Çilekli Gofret;2
2025-03-15;1031;Çilekli Gofret;3
2025-03-25;1031;Çilekli Gofret;11
2025-04-03;1031;Çilekli Gofret;4
2025-04-05;1031;Çilekli Gofret;2
2025-04-06;1031;Çilekli Gofret;5
2025-04-07;1031;Çilekli Gofret;4
2025-04-08;1031;Çilekli Gofret;3
2025-04-15;1031;Çilekli Gofret;5
2025-04-21;1031;Çilekli Gofret;3
2025-04-22;1031;Çilekli Gofret;2
2025-04-29;1031;Çilekli Gofret;2
2025-04-30;1031;Çilekli Gofret;5
2025-05-04;1031;Çilekli Gofret;1
2025-05-12;1031;Çilekli Gofret;4
2025-05-13;1031;Çilekli Gofret;2
2025-05-13;1031;Çilekli Gofret;5
2024-11-18;1032;Fanta 1L;2
2024-11-21;1032;Fanta 1L;2
2024-11-24;1032;Fanta 1L;1
2024-11-24;1032;Fanta 1L;4
2024-12-01;1032;Fanta 1L;7
2024-12-03;1032;Fanta 1L;1
2024-12-11;1032;Fanta 1L;0
2024-12-12;1032;Fanta 1L;0
2024-12-15;1032;Fanta 1L;6
2024-12-17;1032;Fanta 1L;2
2024-12-17;1032;Fanta 1L;0
2024-12-25;1032;Fanta 1L;9
2024-12-27;1032;Fanta 1L;5
2024-12-31;1032;Fanta 1L;0
2025-01-09;1032;Fanta 1L;2
2025-01-15;1032;Fanta 1L;3
2025-01-18;1032;Fanta 1L;1
2025-01-22;1032;Fanta 1L;2
2025-01-22;1032;Fanta 1L;7
2025-01-29;1032;Fanta 1L;5
2025-02-01;1032;Fanta 1L;5
2025-02-06;1032;Fanta 1L;5
2025-02-09;1032;Fanta 1L;1
2025-02-11;1032;Fanta 1L;4
2025-02-13;1032;Fanta 1L;3
2025-02-14;1032;Fanta 1L;6
2025-02-17;1032;Fanta 1L;6
2025-03-02;1032;Fanta 1L;4
2025-03-09;1032;Fanta 1L;4
2025-03-11;1032;Fanta 1L;5
2025-03-16;1032;Fanta 1L;3
2025-03-19;1032;Fanta 1L;5
2025-03-19;1032;Fanta 1L;4
2025-03-24;1032;Fanta 1L;3
2025-03-26;1032;Fanta 1L;2
2025-03-26;1032;Fanta 1L;3
2025-03-27;1032;Fanta 1L;3
2025-04-02;1032;Fanta 1L;4
2025-04-02;1032;Fanta 1L;1
2025-04-03;1032;Fanta 1L;5
2025-04-03;1032;Fanta 1L;5
2025-04-06;1032;Fanta 1L;1
2025-04-06;1032;Fanta 1L;2
2025-04-14;1032;Fanta 1L;3
2025-04-20;1032;Fanta 1L;0
2025-04-20;1032;Fanta 1L;4
2025-04-24;1032;Fanta 1L;4
2025-04-26;1032;Fanta 1L;3
2025-04-27;1032;Fanta 1L;1
2025-05-03;1032;Fanta 1L;3
2025-05-06;1032;Fanta 1L;3
2025-05-09;1032;Fanta 1L;4
2024-11-14;1033;Yedigün 1L;3
2024-11-15;1033;Yedigün 1L;1
2024-11-22;1033;Yedigün 1L;2
2024-11-23;1033;Yedigün 1L;5
2024-11-25;1033;Yedigün 1L;4
2024-11-26;1033;Yedigün 1L;3
2024-11-26;1033;Yedigün 1L;4
2024-11-28;1033;Yedigün 1L;1
2024-11-28;1033;Yedigün 1L;6
2024-11-30;1033;Yedigün 1L;2
2024-12-06;1033;Yedigün 1L;1
2024-12-07;1033;Yedigün 1L;2
2024-12-19;1033;Yedigün 1L;5
2024-12-21;1033;Yedigün 1L;2
2025-01-08;1033;Yedigün 1L;1
2025-01-14;1033;Yedigün 1L;2
2025-01-18;1033;Yedigün 1L;7
2025-01-23;1033;Yedigün 1L;2
2025-01-29;1033;Yedigün 1L;8
2025-02-02;1033;Yedigün 1L;4
2025-02-05;1033;Yedigün 1L;3
2025-02-12;1033;Yedigün 1L;2
2025-02-25;1033;Yedigün 1L;1
2025-02-27;1033;Yedigün 1L;1
2025-03-01;1033;Yedigün 1L;5
2025-03-03;1033;Yedigün 1L;2
2025-03-03;1033;Yedigün 1L;3
2025-03-15;1033;Yedigün 1L;6
2025-03-17;1033;Yedigün 1L;2
2025-03-20;1033;Yedigün 1L;0
2025-03-23;1033;Yedigün 1L;4
2025-03-26;1033;Yedigün 1L;5
2025-03-26;1033;Yedigün 1L;2
2025-04-03;1033;Yedigün 1L;2
2025-04-03;1033;Yedigün 1L;4
2025-04-04;1033;Yedigün 1L;6
2025-04-05;1033;Yedigün 1L;2
2025-04-10;1033;Yedigün 1L;0
2025-04-25;1033;Yedigün 1L;0
2025-05-02;1033;Yedigün 1L;3
2025-05-02;1033;Yedigün 1L;6
2025-05-08;1033;Yedigün 1L;3
2025-05-08;1033;Yedigün 1L;2
2025-05-10;1033;Yedigün 1L;1
2024-11-18;1034;Gazoz 1L;3
2024-11-18;1034;Gazoz 1L;1
2024-11-20;1034;Gazoz 1L;3
2024-11-21;1034;Gazoz 1L;0
2024-11-24;1034;Gazoz 1L;5
2024-11-29;1034;Gazoz 1L;3
2024-11-30;1034;Gazoz 1L;4
2024-11-30;1034;Gazoz 1L;4
2024-12-01;1034;Gazoz 1L;3
2024-12-02;1034;Gazoz 1L;2
2024-12-03;1034;Gazoz 1L;8
2024-12-04;1034;Gazoz 1L;0
2024-12-05;1034;Gazoz 1L;4
2024-12-10;1034;Gazoz 1L;3
2024-12-10;1034;Gazoz 1L;3
2024-12-16;1034;Gazoz 1L;2
2024-12-19;1034;Gazoz 1L;3
2024-12-28;1034;Gazoz 1L;1
2024-12-30;1034;Gazoz 1L;3
2025-01-07;1034;Gazoz 1L;2
2025-01-07;1034;Gazoz 1L;2
2025-01-25;1034;Gazoz 1L;5
2025-01-29;1034;Gazoz 1L;4
2025-01-29;1034;Gazoz 1L;2
2025-01-30;1034;Gazoz 1L;2
2025-01-31;1034;Gazoz 1L;3
2025-02-17;1034;Gazoz 1L;4
2025-02-25;1034;Gazoz 1L;3
2025-03-02;1034;Gazoz 1L;2
2025-03-03;1034;Gazoz 1L;6
2025-03-05;1034;Gazoz 1L;1
2025-03-05;1034;Gazoz 1L;1
2025-03-06;1034;Gazoz 1L;6
2025-03-07;1034;Gazoz 1L;1
2025-03-18;1034;Gazoz 1L;4
2025-03-23;1034;Gazoz 1L;3
2025-03-26;1034;Gazoz 1L;1
2025-03-30;1034;Gazoz 1L;3
2025-04-06;1034;Gazoz 1L;1
2025-04-09;1034;Gazoz 1L;2
2025-04-13;1034;Gazoz 1L;0
2025-04-18;1034;Gazoz 1L;3
2025-04-18;1034;Gazoz 1L;3
2025-04-23;1034;Gazoz 1L;1
2025-04-23;1034;Gazoz 1L;2
2025-05-13;1034;Gazoz 1L;4
2024-11-16;1035;Şeftali 500ml;3
2024-11-20;1035;Şeftali 500ml;5
2024-11-20;1035;Şeftali 500ml;4
2024-11-23;1035;Şeftali 500ml;2
2024-12-06;1035;Şeftali 500ml;1
2024-12-13;1035;Şeftali 500ml;3
2024-12-13;1035;Şeftali 500ml;3
2024-12-18;1035;Şeftali 500ml;3
2024-12-19;1035;Şeftali 500ml;4
2024-12-20;1035;Şeftali 500ml;4
2024-12-27;1035;Şeftali 500ml;4
2025-01-06;1035;Şeftali 500ml;3
2025-01-07;1035;Şeftali 500ml;5
2025-01-12;1035;Şeftali 500ml;5
2025-01-16;1035;Şeftali 500ml;5
2025-01-16;1035;Şeftali 500ml;8
2025-01-17;1035;Şeftali 500ml;1
2025-01-18;1035;Şeftali 500ml;2
2025-01-28;1035;Şeftali 500ml;3
2025-01-31;1035;Şeftali 500ml;1
2025-02-01;1035;Şeftali 500ml;2
2025-02-01;1035;Şeftali 500ml;3
2025-02-05;1035;Şeftali 500ml;2
2025-02-07;1035;Şeftali 500ml;3
2025-02-09;1035;Şeftali 500ml;3
2025-02-11;1035;Şeftali 500ml;0
2025-02-12;1035;Şeftali 500ml;1
2025-02-17;1035;Şeftali 500ml;3
2025-02-22;1035;Şeftali 500ml;4
2025-03-02;1035;Şeftali 500ml;3
2025-03-05;1035;Şeftali 500ml;8
2025-03-07;1035;Şeftali 500ml;3
2025-03-11;1035;Şeftali 500ml;4
2025-03-15;1035;Şeftali 500ml;3
2025-03-17;1035;Şeftali 500ml;4
2025-03-18;1035;Şeftali 500ml;2
2025-03-19;1035;Şeftali 500ml;1
2025-03-19;1035;Şeftali 500ml;2
2025-03-25;1035;Şeftali 500ml;5
2025-04-03;1035;Şeftali 500ml;3
2025-04-06;1035;Şeftali 500ml;4
2025-04-07;1035;Şeftali 500ml;3
2025-04-09;1035;Şeftali 500ml;4
2025-04-18;1035;Şeftali 500ml;4
2025-04-23;1035;Şeftali 500ml;3
2025-04-27;1035;Şeftali 500ml;1
2025-04-30;1035;Şeftali 500ml;3
2025-05-01;1035;Şeftali 500ml;2
2025-05-04;1035;Şeftali 500ml;2
2025-05-05;1035;Şeftali 500ml;4
2025-05-06;1035;Şeftali 500ml;3
2025-05-08;1035;Şeftali 500ml;5
2025-05-11;1035;Şeftali 500ml;2
2024-11-18;1036;Karadeniz Çayı;4
2024-11-22;1036;Karadeniz Çayı;2
2024-11-25;1036;Karadeniz Çayı;3
2024-12-02;1036;Karadeniz Çayı;6
2024-12-06;1036;Karadeniz Çayı;3
2024-12-07;1036;Karadeniz Çayı;4
2024-12-07;1036;Karadeniz Çayı;6
2024-12-08;1036;Karadeniz Çayı;4
2024-12-09;1036;Karadeniz Çayı;2
2024-12-12;1036;Karadeniz Çayı;1
2024-12-16;1036;Karadeniz Çayı;3
2024-12-19;1036;Karadeniz Çayı;2
2024-12-24;1036;Karadeniz Çayı;5
2024-12-25;1036;Karadeniz Çayı;0
2024-12-26;1036;Karadeniz Çayı;1
2024-12-27;1036;Karadeniz Çayı;3
2024-12-28;1036;Karadeniz Çayı;2
2024-12-28;1036;Karadeniz Çayı;1
2024-12-30;1036;Karadeniz Çayı;3
2025-01-02;1036;Karadeniz Çayı;3
2025-01-05;1036;Karadeniz Çayı;3
2025-01-15;1036;Karadeniz Çayı;7
2025-01-19;1036;Karadeniz Çayı;3
2025-01-23;1036;Karadeniz Çayı;2
2025-01-28;1036;Karadeniz Çayı;1
2025-01-30;1036;Karadeniz Çayı;4
2025-01-31;1036;Karadeniz Çayı;3
2025-02-15;1036;Karadeniz Çayı;2
2025-02-28;1036;Karadeniz Çayı;3
2025-03-02;1036;Karadeniz Çayı;7
2025-03-04;1036;Karadeniz Çayı;1
2025-03-06;1036;Karadeniz Çayı;5
2025-03-12;1036;Karadeniz Çayı;2
2025-03-19;1036;Karadeniz Çayı;3
2025-03-20;1036;Karadeniz Çayı;3
2025-03-21;1036;Karadeniz Çayı;3
2025-03-23;1036;Karadeniz Çayı;3
2025-03-29;1036;Karadeniz Çayı;3
2025-03-31;1036;Karadeniz Çayı;6
2025-04-06;1036;Karadeniz Çayı;1
2025-04-07;1036;Karadeniz Çayı;1
2025-04-16;1036;Karadeniz Çayı;1
2025-04-18;1036;Karadeniz Çayı;4
2025-04-21;1036;Karadeniz Çayı;3
2025-04-27;1036;Karadeniz Çayı;2
2025-04-30;1036;Karadeniz Çayı;0
2025-05-04;1036;Karadeniz Çayı;2
2025-05-08;1036;Karadeniz Çayı;4
2025-05-10;1036;Karadeniz Çayı;1
2025-05-12;1036;Karadeniz Çayı;3
2024-11-14;1037;Sarı Çay;4
2024-11-15;1037;Sarı Çay;4
2024-11-16;1037;Sarı Çay;3
2024-11-16;1037;Sarı Çay;3
2024-11-19;1037;Sarı Çay;1
2024-11-22;1037;Sarı Çay;3
2024-11-23;1037;Sarı Çay;5
2024-11-24;1037;Sarı Çay;1
2024-11-27;1037;Sarı Çay;3
2024-12-07;1037;Sarı Çay;1
2024-12-08;1037;Sarı Çay;2
2024-12-16;1037;Sarı Çay;1
2024-12-16;1037;Sarı Çay;4
2024-12-21;1037;Sarı Çay;3
2024-12-26;1037;Sarı Çay;5
2024-12-27;1037;Sarı Çay;4
2024-12-29;1037;Sarı Çay;5
2025-01-03;1037;Sarı Çay;1
2025-01-03;1037;Sarı Çay;4
2025-01-04;1037;Sarı Çay;3
2025-01-05;1037;Sarı Çay;3
2025-01-07;1037;Sarı Çay;3
2025-01-09;1037;Sarı Çay;5
2025-01-12;1037;Sarı Çay;1
2025-01-14;1037;Sarı Çay;3
2025-01-18;1037;Sarı Çay;3
2025-01-29;1037;Sarı Çay;6
2025-02-06;1037;Sarı Çay;6
2025-02-12;1037;Sarı Çay;1
2025-02-12;1037;Sarı Çay;2
2025-02-17;1037;Sarı Çay;1
2025-02-24;1037;Sarı Çay;3
2025-03-01;1037;Sarı Çay;2
2025-03-12;1037;Sarı Çay;6
2025-03-22;1037;Sarı Çay;0
2025-03-23;1037;Sarı Çay;2
2025-03-24;1037;Sarı Çay;1
2025-03-25;1037;Sarı Çay;1
2025-04-04;1037;Sarı Çay;5
2025-04-10;1037;Sarı Çay;4
2025-04-10;1037;Sarı Çay;1
2025-04-11;1037;Sarı Çay;1
2025-04-19;1037;Sarı Çay;4
2025-04-27;1037;Sarı Çay;4
2025-05-02;1037;Sarı Çay;4
2025-05-02;1037;Sarı Çay;2
2025-05-04;1037;Sarı Çay;0
2025-05-06;1037;Sarı Çay;1
2025-05-08;1037;Sarı Çay;2
2024-11-14;1038;3ü1 Arada;4
2024-11-20;1038;3ü1 Arada;4
2024-11-24;1038;3ü1 Arada;0
2024-11-27;1038;3ü1 Arada;2
2024-11-27;1038;3ü1 Arada;3
2024-12-05;1038;3ü1 Arada;5
2024-12-07;1038;3ü1 Arada;6
2024-12-10;1038;3ü1 Arada;3
2024-12-20;1038;3ü1 Arada;4
2024-12-26;1038;3ü1 Arada;0
2024-12-30;1038;3ü1 Arada;2
2024-12-30;1038;3ü1 Arada;1
2024-12-31;1038;3ü1 Arada;2
2025-01-01;1038;3ü1 Arada;3
2025-01-15;1038;3ü1 Arada;4
2025-01-17;1038;3ü1 Arada;5
2025-01-18;1038;3ü1 Arada;5
2025-01-18;1038;3ü1 Arada;1
2025-01-19;1038;3ü1 Arada;6
2025-01-21;1038;3ü1 Arada;3
2025-01-22;1038;3ü1 Arada;4
2025-01-24;1038;3ü1 Arada;3
2025-01-28;1038;3ü1 Arada;3
2025-01-28;1038;3ü1 Arada;6
2025-01-30;1038;3ü1 Arada;5
2025-01-30;1038;3ü1 Arada;4
2025-02-05;1038;3ü1 Arada;2
2025-02-07;1038;3ü1 Arada;4
2025-02-09;1038;3ü1 Arada;3
2025-02-14;1038;3ü1 Arada;4
2025-02-18;1038;3ü1 Arada;4
2025-02-20;1038;3ü1 Arada;7
2025-02-23;1038;3ü1 Arada;4
2025-02-26;1038;3ü1 Arada;2
2025-03-01;1038;3ü1 Arada;2
2025-03-09;1038;3ü1 Arada;2
2025-03-12;1038;3ü1 Arada;1
2025-03-20;1038;3ü1 Arada;5
2025-03-26;1038;3ü1 Arada;2
2025-04-02;1038;3ü1 Arada;3
2025-04-02;1038;3ü1 Arada;3
2025-04-03;1038;3ü1 Arada;6
2025-04-06;1038;3ü1 Arada;4
2025-04-07;1038;3ü1 Arada;3
2025-04-14;1038;3ü1 Arada;5
2025-04-17;1038;3ü1 Arada;0
2025-04-23;1038;3ü1 Arada;0
2025-04-30;1038;3ü1 Arada;2
2025-05-03;1038;3ü1 Arada;1
2025-05-08;1038;3ü1 Arada;4
2025-05-08;1038;3ü1 Arada;3
2025-05-13;1038;3ü1 Arada;4
2024-11-15;1039;Türk Kahvesi;4
2024-11-18;1039;Türk Kahvesi;1
2024-11-21;1039;Türk Kahvesi;6
2024-11-23;1039;Türk Kahvesi;4
2024-11-30;1039;Türk Kahvesi;5
2024-12-02;1039;Türk Kahvesi;2
2024-12-09;1039;Türk Kahvesi;2
2024-12-13;1039;Türk Kahvesi;2
2025-01-04;1039;Türk Kahvesi;2
2025-01-06;1039;Türk Kahvesi;5
2025-01-10;1039;Türk Kahvesi;4
2025-01-13;1039;Türk Kahvesi;1
2025-01-16;1039;Türk Kahvesi;5
2025-01-25;1039;Türk Kahvesi;4
2025-01-27;1039;Türk Kahvesi;6
2025-02-03;1039;Türk Kahvesi;2
2025-02-05;1039;Türk Kahvesi;10
2025-02-13;1039;Türk Kahvesi;2
2025-02-13;1039;Türk Kahvesi;0
2025-02-15;1039;Türk Kahvesi;1
2025-02-18;1039;Türk Kahvesi;5
2025-02-19;1039;Türk Kahvesi;3
2025-02-25;1039;Türk Kahvesi;2
2025-02-25;1039;Türk Kahvesi;1
2025-02-27;1039;Türk Kahvesi;3
2025-03-01;1039;Türk Kahvesi;1
2025-03-06;1039;Türk Kahvesi;0
2025-03-07;1039;Türk Kahvesi;3
2025-03-10;1039;Türk Kahvesi;2
2025-03-12;1039;Türk Kahvesi;4
2025-03-15;1039;Türk Kahvesi;1
2025-03-20;1039;Türk Kahvesi;4
2025-03-25;1039;Türk Kahvesi;1
2025-03-27;1039;Türk Kahvesi;4
2025-03-29;1039;Türk Kahvesi;3
2025-04-04;1039;Türk Kahvesi;4
2025-04-08;1039;Türk Kahvesi;3
2025-04-13;1039;Türk Kahvesi;4
2025-04-14;1039;Türk Kahvesi;5
2025-04-18;1039;Türk Kahvesi;3
2025-04-24;1039;Türk Kahvesi;6
2025-04-29;1039;Türk Kahvesi;1
2025-05-03;1039;Türk Kahvesi;2
2024-11-16;1040;Beyaz Peynir;5
2024-11-23;1040;Beyaz Peynir;1
2024-11-24;1040;Beyaz Peynir;2
2024-11-27;1040;Beyaz Peynir;2
2024-11-27;1040;Beyaz Peynir;2
2024-11-30;1040;Beyaz Peynir;3
2024-12-04;1040;Beyaz Peynir;4
2024-12-08;1040;Beyaz Peynir;2
2024-12-13;1040;Beyaz Peynir;3
2024-12-16;1040;Beyaz Peynir;4
2024-12-28;1040;Beyaz Peynir;1
2025-01-05;1040;Beyaz Peynir;2
2025-01-08;1040;Beyaz Peynir;7
2025-01-12;1040;Beyaz Peynir;3
2025-01-13;1040;Beyaz Peynir;6
2025-01-20;1040;Beyaz Peynir;4
2025-01-21;1040;Beyaz Peynir;4
2025-01-21;1040;Beyaz Peynir;4
2025-01-24;1040;Beyaz Peynir;4
2025-02-01;1040;Beyaz Peynir;3
2025-02-03;1040;Beyaz Peynir;7
2025-02-09;1040;Beyaz Peynir;3
2025-02-13;1040;Beyaz Peynir;3
2025-02-14;1040;Beyaz Peynir;4
2025-02-15;1040;Beyaz Peynir;1
2025-02-18;1040;Beyaz Peynir;3
2025-02-21;1040;Beyaz Peynir;2
2025-02-22;1040;Beyaz Peynir;4
2025-02-26;1040;Beyaz Peynir;1
2025-03-03;1040;Beyaz Peynir;3
2025-03-09;1040;Beyaz Peynir;1
2025-03-09;1040;Beyaz Peynir;1
2025-03-11;1040;Beyaz Peynir;4
2025-03-17;1040;Beyaz Peynir;1
2025-03-21;1040;Beyaz Peynir;3
2025-03-23;1040;Beyaz Peynir;3
2025-03-31;1040;Beyaz Peynir;2
2025-04-08;1040;Beyaz Peynir;3
2025-04-09;1040;Beyaz Peynir;4
2025-04-10;1040;Beyaz Peynir;1
2025-04-14;1040;Beyaz Peynir;3
2025-04-16;1040;Beyaz Peynir;0
2025-04-19;1040;Beyaz Peynir;2
2025-04-24;1040;Beyaz Peynir;4
2025-04-26;1040;Beyaz Peynir;4
2025-04-27;1040;Beyaz Peynir;2
2025-04-28;1040;Beyaz Peynir;5
2025-04-28;1040;Beyaz Peynir;5
2025-05-01;1040;Beyaz Peynir;4
2025-05-04;1040;Beyaz Peynir;6
2025-05-09;1040;Beyaz Peynir;1
2025-05-11;1040;Beyaz Peynir;2
2025-05-16;1001;Burçak;1
2025-05-16;1001;Burçak;1
2025-05-16;1001;Burçak;4
2025-05-16;1001;Burçak;1
2025-05-16;1001;Burçak;1
2025-05-16;1002;Çikolatalı Gofret;0
2025-05-16;1003;Coca-Cola 1L;0
2025-05-16;1004;Pepsi Max 1L;0
2025-05-16;1005;Saka Su 0.5L;0
2025-05-16;1006;Ice Tea 500ml;0
2025-05-16;1007;Damak;0
2025-05-16;1008;Sütlü;0
2025-05-16;1009;Soda;0
2025-05-16;1010;Süt 1L;0
2025-05-16;1011;Ayçiçek Yağı 1L;0
2025-05-16;1012;Banada;0
2025-05-16;1013;Reçel;0
2025-05-16;1014;Sucuk 250g;0
2025-05-16;1015;Salam 200g;0
2025-05-16;1016;Brownie;0
2025-05-16;1017;Tam Yağlı Süt 1L;0
2025-05-16;1018;Yoğurt 1kg;0
2025-05-16;1019;Ayran 500ml;0
2025-05-16;1020;Activia;0
2025-05-16;1021;Corn Flakes;0
2025-05-16;1022;Kakaolu Süt;0
2025-05-16;1023;Vişne Nektarı;0
2025-05-16;1024;Domates Salçası;0
2025-05-16;1025;Pilavlık Bulgur;0
2025-05-16;1026;Makarna;0
2025-05-16;1027;Kaşar Peyniri;0
2025-05-16;1028;Yoğurt 2kg;0
2025-05-16;1029;Biskrem;0
2025-05-16;1030;Tutku;0
2025-05-16;1031;Çilekli Gofret;0
2025-05-16;1032;Fanta 1L;0
2025-05-16;1033;Yedigün 1L;0
2025-05-16;1034;Gazoz 1L;0
2025-05-16;1035;Şeftali 500ml;0
2025-05-16;1036;Karadeniz Çayı;0
2025-05-16;1037;Sarı Çay;0
2025-05-16;1038;3ü1 Arada;0
2025-05-16;1039;Türk Kahvesi;0
2025-05-16;1040;Beyaz Peynir;0
2025-05-16;1001;Burçak;0
2025-05-16;1002;Çikolatalı Gofret;0
2025-05-16;1003;Coca-Cola 1L;0
2025-05-16;1004;Pepsi Max 1L;0
2025-05-16;1005;Saka Su 0.5L;0
2025-05-16;1006;Ice Tea 500ml;2
2025-05-16;1007;Damak;0
2025-05-16;1008;Sütlü;0
2025-05-16;1009;Soda;0
2025-05-16;1010;Süt 1L;0
2025-05-16;1011;Ayçiçek Yağı 1L;0
2025-05-16;1012;Banada;0
2025-05-16;1013;Reçel;0
2025-05-16;1014;Sucuk 250g;0
2025-05-16;1015;Salam 200g;0
2025-05-16;1016;Brownie;0
2025-05-16;1017;Tam Yağlı Süt 1L;0
2025-05-16;1018;Yoğurt 1kg;0
2025-05-16;1019;Ayran 500ml;0
2025-05-16;1020;Activia;0
2025-05-16;1021;Corn Flakes;0
2025-05-16;1022;Kakaolu Süt;0
2025-05-16;1023;Vişne Nektarı;0
2025-05-16;1024;Domates Salçası;0
2025-05-16;1025;Pilavlık Bulgur;0
2025-05-16;1026;Makarna;0
2025-05-16;1027;Kaşar Peyniri;0
2025-05-16;1028;Yoğurt 2kg;0
2025-05-16;1029;Biskrem;0
2025-05-16;1030;Tutku;0
2025-05-16;1031;Çilekli Gofret;0
2025-05-16;1032;Fanta 1L;0
2025-05-16;1033;Yedigün 1L;0
2025-05-16;1034;Gazoz 1L;0
2025-05-16;1035;Şeftali 500ml;0
2025-05-16;1036;Karadeniz Çayı;0
2025-05-16;1037;Sarı Çay;0
2025-05-16;1038;3ü1 Arada;0
2025-05-16;1039;Türk Kahvesi;0
2025-05-16;1040;Beyaz Peynir;0
2025-05-16;1001;Burçak;1
2025-05-16;1002;Çikolatalı Gofret;0
2025-05-16;1003;Coca-Cola 1L;4
2025-05-16;1004;Pepsi Max 1L;0
2025-05-16;1005;Saka Su 0.5L;0
2025-05-16;1006;Ice Tea 500ml;0
2025-05-16;1007;Damak;0
2025-05-16;1008;Sütlü;0
2025-05-16;1009;Soda;0
2025-05-16;1010;Süt 1L;0
2025-05-16;1011;Ayçiçek Yağı 1L;0
2025-05-16;1012;Banada;0
2025-05-16;1013;Reçel;0
2025-05-16;1014;Sucuk 250g;0
2025-05-16;1015;Salam 200g;0
2025-05-16;1016;Brownie;0
2025-05-16;1017;Tam Yağlı Süt 1L;0
2025-05-16;1018;Yoğurt 1kg;0
2025-05-16;1019;Ayran 500ml;0
2025-05-16;1020;Activia;0
2025-05-16;1021;Corn Flakes;5
2025-05-16;1022;Kakaolu Süt;0
2025-05-16;1023;Vişne Nektarı;0
2025-05-16;1024;Domates Salçası;0
2025-05-16;1025;Pilavlık Bulgur;0
2025-05-16;1026;Makarna;0
2025-05-16;1027;Kaşar Peyniri;0
2025-05-16;1028;Yoğurt 2kg;0
2025-05-16;1029;Biskrem;0
2025-05-16;1030;Tutku;0
2025-05-16;1031;Çilekli Gofret;0
2025-05-16;1032;Fanta 1L;0
2025-05-16;1033;Yedigün 1L;0
2025-05-16;1034;Gazoz 1L;0
2025-05-16;1035;Şeftali 500ml;0
2025-05-16;1036;Karadeniz Çayı;0
2025-05-16;1037;Sarı Çay;0
2025-05-16;1038;3ü1 Arada;0
2025-05-16;1039;Türk Kahvesi;0
2025-05-16;1040;Beyaz Peynir;0
2025-05-16;1001;Burçak;0
2025-05-16;1002;Çikolatalı Gofret;0
2025-05-16;1003;Coca-Cola 1L;0
2025-05-16;1004;Pepsi Max 1L;0
2025-05-16;1005;Saka Su 0.5L;0
2025-05-16;1006;Ice Tea 500ml;0
2025-05-16;1007;Damak;0
2025-05-16;1008;Sütlü;0
2025-05-16;1009;Soda;0
2025-05-16;1010;Süt 1L;0
2025-05-16;1011;Ayçiçek Yağı 1L;0
2025-05-16;1012;Banada;0
2025-05-16;1013;Reçel;0
2025-05-16;1014;Sucuk 250g;0
2025-05-16;1015;Salam 200g;0
2025-05-16;1016;Brownie;0
2025-05-16;1017;Tam Yağlı Süt 1L;0
2025-05-16;1018;Yoğurt 1kg;0
2025-05-16;1019;Ayran 500ml;0
2025-05-16;1020;Activia;0
2025-05-16;1021;Corn Flakes;0
2025-05-16;1022;Kakaolu Süt;0
2025-05-16;1023;Vişne Nektarı;0
2025-05-16;1024;Domates Salçası;0
2025-05-16;1025;Pilavlık Bulgur;0
2025-05-16;1026;Makarna;0
2025-05-16;1027;Kaşar Peyniri;0
2025-05-16;1028;Yoğurt 2kg;0
2025-05-16;1029;Biskrem;0
2025-05-16;1030;Tutku;0
2025-05-16;1031;Çilekli Gofret;0
2025-05-16;1032;Fanta 1L;0
2025-05-16;1033;Yedigün 1L;0
2025-05-16;1034;Gazoz 1L;0
2025-05-16;1035;Şeftali 500ml;0
2025-05-16;1036;Karadeniz Çayı;0
2025-05-16;1037;Sarı Çay;0
2025-05-16;1038;3ü1 Arada;0
2025-05-16;1039;Türk Kahvesi;0
2025-05-16;1040;Beyaz Peynir;4
2025-05-17;1001;Burçak;1
2025-05-17;1002;Çikolatalı Gofret;0
2025-05-17;1003;Coca-Cola 1L;0
2025-05-17;1004;Pepsi Max 1L;0
2025-05-17;1005;Saka Su 0.5L;0
2025-05-17;1006;Ice Tea 500ml;0
2025-05-17;1007;Damak;0
2025-05-17;1008;Sütlü;0
2025-05-17;1009;Soda;0
2025-05-17;1010;Süt 1L;0
2025-05-17;1011;Ayçiçek Yağı 1L;0
2025-05-17;1012;Banada;0
2025-05-17;1013;Reçel;0
2025-05-17;1014;Sucuk 250g;0
2025-05-17;1015;Salam 200g;0
2025-05-17;1016;Brownie;0
2025-05-17;1017;Tam Yağlı Süt 1L;0
2025-05-17;1018;Yoğurt 1kg;0
2025-05-17;1019;Ayran 500ml;0
2025-05-17;1020;Activia;0
2025-05-17;1021;Corn Flakes;0
2025-05-17;1022;Kakaolu Süt;0
2025-05-17;1023;Vişne Nektarı;0
2025-05-17;1024;Domates Salçası;0
2025-05-17;1025;Pilavlık Bulgur;0
2025-05-17;1026;Makarna;0
2025-05-17;1027;Kaşar Peyniri;0
2025-05-17;1028;Yoğurt 2kg;0
2025-05-17;1029;Biskrem;0
2025-05-17;1030;Tutku;0
2025-05-17;1031;Çilekli Gofret;0
2025-05-17;1032;Fanta 1L;0
2025-05-17;1033;Yedigün 1L;0
2025-05-17;1034;Gazoz 1L;0
2025-05-17;1035;Şeftali 500ml;0
2025-05-17;1036;Karadeniz Çayı;0
2025-05-17;1037;Sarı Çay;0
2025-05-17;1038;3ü1 Arada;0
2025-05-17;1039;Türk Kahvesi;0
2025-05-17;1040;Beyaz Peynir;0
2025-05-17;1001;Burçak;1
2025-05-17;1002;Çikolatalı Gofret;0
2025-05-17;1003;Coca-Cola 1L;0
2025-05-17;1004;Pepsi Max 1L;0
2025-05-17;1005;Saka Su 0.5L;0
2025-05-17;1006;Ice Tea 500ml;0
2025-05-17;1007;Damak;0
2025-05-17;1008;Sütlü;0
2025-05-17;1009;Soda;0
2025-05-17;1010;Süt 1L;0
2025-05-17;1011;Ayçiçek Yağı 1L;0
2025-05-17;1012;Banada;0
2025-05-17;1013;Reçel;0
2025-05-17;1014;Sucuk 250g;0
2025-05-17;1015;Salam 200g;0
2025-05-17;1016;Brownie;0
2025-05-17;1017;Tam Yağlı Süt 1L;0
2025-05-17;1018;Yoğurt 1kg;0
2025-05-17;1019;Ayran 500ml;0
2025-05-17;1020;Activia;0
2025-05-17;1021;Corn Flakes;0
2025-05-17;1022;Kakaolu Süt;0
2025-05-17;1023;Vişne Nektarı;0
2025-05-17;1024;Domates Salçası;0
2025-05-17;1025;Pilavlık Bulgur;0
2025-05-17;1026;Makarna;0
2025-05-17;1027;Kaşar Peyniri;0
2025-05-17;1028;Yoğurt 2kg;0
2025-05-17;1029;Biskrem;0
2025-05-17;1030;Tutku;0
2025-05-17;1031;Çilekli Gofret;0
2025-05-17;1032;Fanta 1L;0
2025-05-17;1033;Yedigün 1L;0
2025-05-17;1034;Gazoz 1L;0
2025-05-17;1035;Şeftali 500ml;0
2025-05-17;1036;Karadeniz Çayı;0
2025-05-17;1037;Sarı Çay;0
2025-05-17;1038;3ü1 Arada;0
2025-05-17;1039;Türk Kahvesi;0
2025-05-17;1040;Beyaz Peynir;0
2025-05-17;1001;Burçak;1
2025-05-17;1002;Çikolatalı Gofret;0
2025-05-17;1003;Coca-Cola 1L;0
2025-05-17;1004;Pepsi Max 1L;0
2025-05-17;1005;Saka Su 0.5L;0
2025-05-17;1006;Ice Tea 500ml;0
2025-05-17;1007;Damak;0
2025-05-17;1008;Sütlü;0
2025-05-17;1009;Soda;0
2025-05-17;1010;Süt 1L;0
2025-05-17;1011;Ayçiçek Yağı 1L;0
2025-05-17;1012;Banada;0
2025-05-17;1013;Reçel;0
2025-05-17;1014;Sucuk 250g;0
2025-05-17;1015;Salam 200g;0
2025-05-17;1016;Brownie;0
2025-05-17;1017;Tam Yağlı Süt 1L;0
2025-05-17;1018;Yoğurt 1kg;0
2025-05-17;1019;Ayran 500ml;0
2025-05-17;1020;Activia;0
2025-05-17;1021;Corn Flakes;0
2025-05-17;1022;Kakaolu Süt;0
2025-05-17;1023;Vişne Nektarı;0
2025-05-17;1024;Domates Salçası;0
2025-05-17;1025;Pilavlık Bulgur;0
2025-05-17;1026;Makarna;0
2025-05-17;1027;Kaşar Peyniri;0
2025-05-17;1028;Yoğurt 2kg;0
2025-05-17;1029;Biskrem;0
2025-05-17;1030;Tutku;0
2025-05-17;1031;Çilekli Gofret;0
2025-05-17;1032;Fanta 1L;0
2025-05-17;1033;Yedigün 1L;0
2025-05-17;1034;Gazoz 1L;0
2025-05-17;1035;Şeftali 500ml;0
2025-05-17;1036;Karadeniz Çayı;0
2025-05-17;1037;Sarı Çay;0
2025-05-17;1038;3ü1 Arada;0
2025-05-17;1039;Türk Kahvesi;0
2025-05-17;1040;Beyaz Peynir;0
2025-05-17;1001;Burçak;24
2025-05-17;1002;Çikolatalı Gofret;0
2025-05-17;1003;Coca-Cola 1L;0
2025-05-17;1004;Pepsi Max 1L;0
2025-05-17;1005;Saka Su 0.5L;0
2025-05-17;1006;Ice Tea 500ml;0
2025-05-17;1007;Damak;0
2025-05-17;1008;Sütlü;0
2025-05-17;1009;Soda;0
2025-05-17;1010;Süt 1L;0
2025-05-17;1011;Ayçiçek Yağı 1L;0
2025-05-17;1012;Banada;0
2025-05-17;1013;Reçel;0
2025-05-17;1014;Sucuk 250g;0
2025-05-17;1015;Salam 200g;0
2025-05-17;1016;Brownie;0
2025-05-17;1017;Tam Yağlı Süt 1L;0
2025-05-17;1018;Yoğurt 1kg;0
2025-05-17;1019;Ayran 500ml;0
2025-05-17;1020;Activia;0
2025-05-17;1021;Corn Flakes;0
2025-05-17;1022;Kakaolu Süt;0
2025-05-17;1023;Vişne Nektarı;0
2025-05-17;1024;Domates Salçası;0
2025-05-17;1025;Pilavlık Bulgur;0
2025-05-17;1026;Makarna;0
2025-05-17;1027;Kaşar Peyniri;0
2025-05-17;1028;Yoğurt 2kg;0
2025-05-17;1029;Biskrem;0
2025-05-17;1030;Tutku;0
2025-05-17;1031;Çilekli Gofret;0
2025-05-17;1032;Fanta 1L;0
2025-05-17;1033;Yedigün 1L;0
2025-05-17;1034;Gazoz 1L;0
2025-05-17;1035;Şeftali 500ml;0
2025-05-17;1036;Karadeniz Çayı;0
2025-05-17;1037;Sarı Çay;0
2025-05-17;1038;3ü1 Arada;0
2025-05-17;1039;Türk Kahvesi;0
2025-05-17;1040;Beyaz Peynir;0
2025-05-18;1001;Burçak;5
2025-05-18;1002;Çikolatalı Gofret;0
2025-05-18;1003;Coca-Cola 1L;2
2025-05-18;1004;Pepsi Max 1L;0
2025-05-18;1005;Saka Su 0.5L;0
2025-05-18;1006;Ice Tea 500ml;1
2025-05-18;1007;Damak;0
2025-05-18;1008;Sütlü;0
2025-05-18;1009;Soda;0
2025-05-18;1010;Süt 1L;0
2025-05-18;1011;Ayçiçek Yağı 1L;0
2025-05-18;1012;Banada;0
2025-05-18;1013;Reçel;0
2025-05-18;1014;Sucuk 250g;0
2025-05-18;1015;Salam 200g;0
2025-05-18;1016;Brownie;0
2025-05-18;1017;Tam Yağlı Süt 1L;0
2025-05-18;1018;Yoğurt 1kg;0
2025-05-18;1019;Ayran 500ml;0
2025-05-18;1020;Activia;0
2025-05-18;1021;Corn Flakes;0
2025-05-18;1022;Kakaolu Süt;0
2025-05-18;1023;Vişne Nektarı;0
2025-05-18;1024;Domates Salçası;0
2025-05-18;1025;Pilavlık Bulgur;0
2025-05-18;1026;Makarna;0
2025-05-18;1027;Kaşar Peyniri;0
2025-05-18;1028;Yoğurt 2kg;0
2025-05-18;1029;Biskrem;0
2025-05-18;1030;Tutku;0
2025-05-18;1031;Çilekli Gofret;0
2025-05-18;1032;Fanta 1L;0
2025-05-18;1033;Yedigün 1L;0
2025-05-18;1034;Gazoz 1L;0
2025-05-18;1035;Şeftali 500ml;0
2025-05-18;1036;Karadeniz Çayı;0
2025-05-18;1037;Sarı Çay;0
2025-05-18;1038;3ü1 Arada;0
2025-05-18;1039;Türk Kahvesi;0
2025-05-18;1040;Beyaz Peynir;0
